no;place;table;sum;status;datetime;employee
420137;ZH;24;7117;Закрыт;01.10.2026 00:50:48;Алихан Сайранбеков
420122;ZH;203;12294;Закрыт;01.10.2026 00:22:40;Бар Бар new
420108;ZH;45;17347;Закрыт;01.10.2026 00:03:49;Амирали Серикжан
420048;ZH;16;47137;Закрыт;30.09.2026 22:52:04;Алексей Доронин
420043;ZH;11;23344;Закрыт;30.09.2026 22:47:33;Алексей Доронин
420036;ZH;202;10850;Закрыт;30.09.2026 22:42:59;Бар Бар new
420034;ZH;42;28114;Закрыт;30.09.2026 22:42:16;Амирали Серикжан
420019;ZH;10;282746;Закрыт;30.09.2026 22:30:45;Гульназ Оразтай
420014;ZH;39;23960;Закрыт;30.09.2026 22:29:55;Марьям Валиева
420004;ZH;41;57231;Закрыт;30.09.2026 22:20:00;Амирали Серикжан
419990;ZH;13;59664;Закрыт;30.09.2026 22:07:05;Алексей Доронин
419987;ZH;44;42478;Закрыт;30.09.2026 22:05:15;Амирали Серикжан
419969;ZH;34;27559;Закрыт;30.09.2026 21:46:31;Алихан Сайранбеков
419955;ZH;4;52771;Закрыт;30.09.2026 21:36:15;Дэвид Югай
419951;ZH;6;18550;Закрыт;30.09.2026 21:33:56;Дэвид Югай
419948;ZH;20;41184;Закрыт;30.09.2026 21:31:56;Мирас Кустаев
419945;ZH;26;16914;Закрыт;30.09.2026 21:28:07;Мирас Кустаев
419917;ZH;5;7790;Закрыт;30.09.2026 20:51:12;Алихан Сайранбеков
419916;ZH;29;26114;Закрыт;30.09.2026 20:50:57;Мирас Кустаев
419913;ZH;201;25214;Закрыт;30.09.2026 20:50:17;Бар Бар new
419910;ZH;28;62654;Закрыт;30.09.2026 20:47:32;Мирас Кустаев
419907;ZH;42;33574;Закрыт;30.09.2026 20:40:24;Амирали Серикжан
419876;ZH;829;18757;Закрыт;30.09.2026 20:16:44;Алихан Сайранбеков
419874;ZH;17;66484;Закрыт;30.09.2026 20:16:26;Алексей Доронин
419864;ZH;14;90147;Закрыт;30.09.2026 20:07:16;Алексей Доронин
419863;ZH;7;38491;Закрыт;30.09.2026 20:07:05;Дэвид Югай
419856;ZH;20;18537;Закрыт;30.09.2026 20:04:21;Кир Вагнер
419851;ZH;22;100474;Закрыт;30.09.2026 19:59:43;Кир Вагнер
419845;ZH;24;68994;Закрыт;30.09.2026 19:56:31;Алихан Сайранбеков
419830;ZH;27;15800;Закрыт;30.09.2026 19:44:27;Мирас Кустаев
419804;ZH;47;88425;Закрыт;30.09.2026 19:01:11;Амирали Серикжан
419798;ZH;32;63778;Закрыт;30.09.2026 18:54:47;Алексей Доронин
419796;ZH;31;33224;Закрыт;30.09.2026 18:54:29;Раимбек Амирбек
419793;ZH;834;0;Закрыт;30.09.2026 18:50:35;Раимбек Амирбек
419766;ZH;201;5260;Закрыт;30.09.2026 18:13:07;Бар Бар new
419765;ZH;21;27487;Закрыт;30.09.2026 18:13:01;Алихан Сайранбеков
419753;ZH;832;1753;Закрыт;30.09.2026 17:44:23;Гульназ Оразтай
419747;ZH;6;16991;Закрыт;30.09.2026 17:26:47;Дэвид Югай
419700;ZH;101;18927;Закрыт;30.09.2026 15:08:50;Дэвид Югай
419686;ZH;39;8780;Закрыт;30.09.2026 14:33:40;Гульназ Оразтай
419513;ZH;45;11018;Закрыт;30.09.2026 00:46:49;Нурали Ибрагимов
419503;ZH;3;16548;Закрыт;30.09.2026 00:36:32;Алихан Сайранбеков
419496;ZH;18;1155;Закрыт;30.09.2026 00:23:59;Мирас Кустаев
419482;ZH;43;14700;Закрыт;30.09.2026 00:13:54;Нурали Ибрагимов
419471;ZH;14;12892;Закрыт;30.09.2026 00:02:04;Нұрәли Ринат
419445;ZH;41;6244;Закрыт;29.09.2026 23:34:46;Нурали Ибрагимов
419417;ZH;18;7473;Закрыт;29.09.2026 22:55:33;Мирас Кустаев
419400;ZH;203;770;Закрыт;29.09.2026 22:44:46;Бар Бар new
419398;ZH;34;54754;Закрыт;29.09.2026 22:44:18;Нурали Ибрагимов
419369;ZH;30;44669;Закрыт;29.09.2026 22:16:29;Елжан Ахмеш
419355;ZH;39;17593;Закрыт;29.09.2026 22:08:01;Нурали Ибрагимов
419322;ZH;202;12060;Закрыт;29.09.2026 21:45:43;Бар Бар new
419306;ZH;42;27221;Закрыт;29.09.2026 21:29:09;Нурали Ибрагимов
419290;ZH;829;32100;Закрыт;29.09.2026 21:15:40;Нурали Ибрагимов
419288;ZH;20;11537;Закрыт;29.09.2026 21:15:00;Мирас Кустаев
419276;ZH;868;1423;Закрыт;29.09.2026 21:07:08;Нурали Ибрагимов
419272;ZH;867;7014;Закрыт;29.09.2026 21:05:49;Нурали Ибрагимов
419265;ZH;6;58501;Закрыт;29.09.2026 20:59:58;Мирас Кустаев
419259;ZH;32;17580;Закрыт;29.09.2026 20:56:59;Елжан Ахмеш
419254;ZH;203;28904;Закрыт;29.09.2026 20:52:19;Нұрәли Ринат
419246;ZH;27;10100;Закрыт;29.09.2026 20:46:46;Елжан Ахмеш
419242;ZH;22;27733;Закрыт;29.09.2026 20:45:17;Марьям Валиева
419238;ZH;832;1540;Закрыт;29.09.2026 20:43:24;Мирас Кустаев
419231;ZH;833;14610;Закрыт;29.09.2026 20:37:47;Нурали Ибрагимов
419229;ZH;42;32074;Закрыт;29.09.2026 20:36:35;Нурали Ибрагимов
419223;ZH;19;25425;Закрыт;29.09.2026 20:29:12;Мирас Кустаев
419201;ZH;38;34080;Закрыт;29.09.2026 20:13:03;Нурали Ибрагимов
419193;ZH;28;19644;Закрыт;29.09.2026 19:59:28;Елжан Ахмеш
419185;ZH;11;46167;Закрыт;29.09.2026 19:52:22;Нұрәли Ринат
419183;ZH;883;763;Закрыт;29.09.2026 19:49:10;Мирас Кустаев
419176;ZH;26;30796;Закрыт;29.09.2026 19:46:06;Нурали Ибрагимов
419174;ZH;834;5487;Закрыт;29.09.2026 19:41:26;Нурали Ибрагимов
419154;ZH;832;7460;Закрыт;29.09.2026 19:29:26;Алихан Сайранбеков
419152;ZH;10;166104;Закрыт;29.09.2026 19:26:57;Нұрәли Ринат
419138;ZH;201;4118;Закрыт;29.09.2026 19:09:18;Бар Бар new
419137;ZH;4;32468;Закрыт;29.09.2026 19:08:50;Алихан Сайранбеков
419127;ZH;17;74184;Закрыт;29.09.2026 19:01:30;Мирас Кустаев
419087;ZH;5;36597;Закрыт;29.09.2026 17:54:49;Алихан Сайранбеков
419049;ZH;102;21314;Закрыт;29.09.2026 16:19:06;Алан Камбалин
419024;ZH;17;40634;Закрыт;29.09.2026 15:05:02;Марьям Валиева
419020;ZH;23;34709;Закрыт;29.09.2026 15:01:56;Мирас Кустаев
419005;ZH;2;9777;Закрыт;29.09.2026 14:26:38;Нұрәли Ринат
419004;ZH;20;40852;Закрыт;29.09.2026 14:26:35;Мирас Кустаев
418857;ZH;44;2083;Закрыт;29.09.2026 00:43:55;Валерия Дондаренко
418833;ZH;44;21824;Закрыт;28.09.2026 23:42:50;Валерия Дондаренко
418823;ZH;14;14830;Закрыт;28.09.2026 23:20:39;Амирали Серикжан
418822;ZH;201;3850;Закрыт;28.09.2026 23:19:42;Бар Бар new
418805;ZH;9;19587;Закрыт;28.09.2026 22:55:55;Аружан Райкул
418798;ZH;210;8450;Закрыт;28.09.2026 22:47:46;Бар Бар new
418794;ZH;41;0;Закрыт;28.09.2026 22:37:51;Валерия Дондаренко
418785;ZH;28;16104;Закрыт;28.09.2026 22:20:02;Нұрәли Ринат
418783;ZH;26;16667;Закрыт;28.09.2026 22:16:05;Алексей Доронин
418771;ZH;18;17871;Закрыт;28.09.2026 21:57:28;Амирали Серикжан
418760;ZH;24;95469;Закрыт;28.09.2026 21:44:05;Алексей Доронин
418757;ZH;207;10624;Закрыт;28.09.2026 21:38:12;Бар Бар new
418744;ZH;38;34740;Закрыт;28.09.2026 21:26:42;Валерия Дондаренко
418740;ZH;11;44211;Закрыт;28.09.2026 21:23:53;Амирали Серикжан
418722;ZH;101;0;Закрыт;28.09.2026 21:01:22;Амирали Серикжан
418716;ZH;8;100162;Закрыт;28.09.2026 20:56:57;Аружан Райкул
418709;ZH;2;65494;Закрыт;28.09.2026 20:43:57;Аружан Райкул
418690;ZH;40;8741;Закрыт;28.09.2026 20:26:42;Валерия Дондаренко
418687;ZH;15;38654;Закрыт;28.09.2026 20:22:38;Амирали Серикжан
418683;ZH;19;20350;Закрыт;28.09.2026 20:13:56;Мирас Кустаев
418677;ZH;29;31033;Закрыт;28.09.2026 19:58:59;Нұрәли Ринат
418676;ZH;25;27500;Закрыт;28.09.2026 19:58:31;Алексей Доронин
418670;ZH;3;10644;Закрыт;28.09.2026 19:48:25;Аружан Райкул
418669;ZH;5;19954;Закрыт;28.09.2026 19:48:14;Мирас Кустаев
418668;ZH;33;29181;Закрыт;28.09.2026 19:47:34;Алексей Доронин
418664;ZH;206;9187;Закрыт;28.09.2026 19:45:54;Бар Бар new
418646;ZH;14;56830;Закрыт;28.09.2026 19:19:58;Амирали Серикжан
418626;ZH;23;210954;Закрыт;28.09.2026 18:53:08;Нұрәли Ринат
418612;ZH;10;101429;Закрыт;28.09.2026 18:25:12;Мирас Кустаев
418611;ZH;202;3397;Закрыт;28.09.2026 18:25:10;Бар Бар new
418602;ZH;17;74668;Закрыт;28.09.2026 18:07:37;Амирали Серикжан
418595;ZH;43;15237;Закрыт;28.09.2026 17:50:52;Алексей Доронин
418586;ZH;201;7874;Закрыт;28.09.2026 17:35:34;Бар Бар new
418570;ZH;24;54435;Закрыт;28.09.2026 16:47:35;Алексей Доронин
418559;ZH;6;0;Отменен;28.09.2026 16:07:48;Амирали Серикжан
418556;ZH;6;9874;Закрыт;28.09.2026 15:57:05;Амирали Серикжан
418543;ZH;7;13937;Закрыт;28.09.2026 15:17:13;Амирали Серикжан
418360;ZH;15;17567;Закрыт;28.09.2026 00:21:47;Мансур1 Ташен
418230;ZH;2;17230;Закрыт;27.09.2026 21:40:56;Мирас Кустаев
418221;ZH;4;37631;Закрыт;27.09.2026 21:28:23;Мирас Кустаев
418191;ZH;47;166366;Закрыт;27.09.2026 20:53:58;Алихан Сайранбеков
418190;ZH;29;32397;Закрыт;27.09.2026 20:53:04;Гульназ Оразтай
418177;ZH;24;37994;Закрыт;27.09.2026 20:32:11;Алихан Сайранбеков
418166;ZH;14;50004;Закрыт;27.09.2026 20:20:05;Мансур1 Ташен
418162;ZH;201;7454;Закрыт;27.09.2026 20:15:28;Бар Бар new
418134;ZH;17;47828;Закрыт;27.09.2026 19:57:26;Мансур1 Ташен
418124;ZH;34;102260;Закрыт;27.09.2026 19:37:47;Алихан Сайранбеков
418123;ZH;21;28024;Закрыт;27.09.2026 19:36:48;Гульназ Оразтай
418115;ZH;25;21817;Закрыт;27.09.2026 19:30:45;Алихан Сайранбеков
418104;ZH;33;54041;Закрыт;27.09.2026 19:13:31;Гульназ Оразтай
418093;ZH;11;100232;Закрыт;27.09.2026 19:03:17;Мансур1 Ташен
418079;ZH;10;205286;Закрыт;27.09.2026 18:47:36;Мирас Кустаев
418075;ZH;20;22594;Закрыт;27.09.2026 18:43:37;Мансур1 Ташен
418036;ZH;23;93115;Закрыт;27.09.2026 17:43:33;Гульназ Оразтай
418031;ZH;18;99781;Закрыт;27.09.2026 17:33:37;Мансур1 Ташен
418015;ZH;14;14804;Закрыт;27.09.2026 17:11:24;Мансур1 Ташен
418003;ZH;5;17334;Закрыт;27.09.2026 16:53:20;Мирас Кустаев
417999;ZH;38;9000;Закрыт;27.09.2026 16:46:53;Мансур1 Ташен
417945;ZH;39;1753;Закрыт;27.09.2026 15:00:17;Алихан Сайранбеков
417944;ZH;6;12100;Закрыт;27.09.2026 14:59:06;Мирас Кустаев
417943;ZH;834;13807;Закрыт;27.09.2026 14:58:04;Алихан Сайранбеков
417932;ZH;43;52272;Закрыт;27.09.2026 14:31:06;Алихан Сайранбеков
417853;ZH;2;80621;Закрыт;27.09.2026 01:30:57;Елжан Ахмеш
417821;ZH;40;17664;Закрыт;27.09.2026 01:06:55;Мансур1 Ташен
417816;ZH;4;5584;Закрыт;27.09.2026 01:05:17;Аружан Райкул
417807;ZH;41;36720;Закрыт;27.09.2026 00:59:17;Мансур1 Ташен
417781;ZH;28;13257;Закрыт;27.09.2026 00:36:43;Раимбек Амирбек
417744;ZH;45;25784;Закрыт;27.09.2026 00:01:52;Мансур1 Ташен
417738;ZH;30;58117;Закрыт;26.09.2026 23:54:46;Алихан Сайранбеков
417725;ZH;828;15910;Закрыт;26.09.2026 23:37:56;Амирали Серикжан
417713;ZH;6;10754;Закрыт;26.09.2026 23:28:39;Аружан Райкул
417711;ZH;205;763;Закрыт;26.09.2026 23:25:27;Бар Бар new
417682;ZH;827;41217;Закрыт;26.09.2026 23:02:41;Раимбек Амирбек
417631;ZH;10;289896;Закрыт;26.09.2026 22:32:36;Елжан Ахмеш
417604;ZH;33;25634;Закрыт;26.09.2026 22:20:42;Алан Камбалин
417599;ZH;832;18544;Закрыт;26.09.2026 22:18:43;Аружан Райкул
417587;ZH;834;60397;Закрыт;26.09.2026 22:11:54;Мансур1 Ташен
417585;ZH;834;0;Отменен;26.09.2026 22:09:58;Мансур1 Ташен
417583;ZH;44;31394;Закрыт;26.09.2026 22:08:48;Мансур1 Ташен
417580;ZH;27;39081;Закрыт;26.09.2026 22:06:37;Алан Камбалин
417573;ZH;32;147369;Закрыт;26.09.2026 21:59:55;Алихан Сайранбеков
417546;ZH;847;0;Закрыт;26.09.2026 21:39:50;Аружан Райкул
417536;ZH;34;17904;Закрыт;26.09.2026 21:36:38;Алан Камбалин
417528;ZH;845;19747;Закрыт;26.09.2026 21:32:41;Амирали Серикжан
417525;ZH;17;78467;Закрыт;26.09.2026 21:30:48;Аружан Райкул
417513;ZH;38;38357;Закрыт;26.09.2026 21:23:29;Мансур1 Ташен
417511;ZH;3;3934;Закрыт;26.09.2026 21:22:08;Елжан Ахмеш
417477;ZH;26;38207;Закрыт;26.09.2026 20:59:23;Алан Камбалин
417448;ZH;21;87648;Закрыт;26.09.2026 20:42:13;Алихан Сайранбеков
417440;ZH;25;80234;Закрыт;26.09.2026 20:34:08;Алан Камбалин
417430;ZH;20;19747;Закрыт;26.09.2026 20:28:02;Амирали Серикжан
417414;ZH;828;18097;Закрыт;26.09.2026 20:19:17;Амирали Серикжан
417397;ZH;201;6140;Закрыт;26.09.2026 20:09:29;Бар Бар new
417391;ZH;202;7990;Закрыт;26.09.2026 20:06:24;Бар Бар new
417386;ZH;7;52158;Закрыт;26.09.2026 20:05:06;Аружан Райкул
417380;ZH;15;94015;Закрыт;26.09.2026 20:01:10;Аружан Райкул
417369;ZH;829;51381;Закрыт;26.09.2026 19:54:10;Раимбек Амирбек
417359;ZH;29;39644;Закрыт;26.09.2026 19:47:54;Алихан Сайранбеков
417358;ZH;19;47091;Закрыт;26.09.2026 19:47:29;Амирали Серикжан
417343;ZH;31;116886;Закрыт;26.09.2026 19:36:50;Алихан Сайранбеков
417341;ZH;14;38744;Закрыт;26.09.2026 19:35:33;Гульназ Оразтай
417308;ZH;832;11744;Закрыт;26.09.2026 19:03:21;Раимбек Амирбек
417287;ZH;22;228050;Закрыт;26.09.2026 18:42:08;Раимбек Амирбек
417255;ZH;39;18777;Закрыт;26.09.2026 17:42:43;Марьям Валиева
417211;ZH;6;31678;Закрыт;26.09.2026 16:45:35;Алихан Сайранбеков
417186;ZH;32;17230;Закрыт;26.09.2026 15:39:05;Мансур1 Ташен
417173;ZH;107;27661;Закрыт;26.09.2026 15:04:56;Гульназ Оразтай
417168;ZH;833;36188;Закрыт;26.09.2026 14:56:30;Гульназ Оразтай
417163;ZH;2;8787;Закрыт;26.09.2026 14:49:30;Марьям Валиева
417077;ZH;4;23811;Закрыт;26.09.2026 00:59:10;Марьям Валиева
417067;ZH;863;1973;Закрыт;26.09.2026 00:46:33;Нурали Ибрагимов
417058;ZH;24;18693;Закрыт;26.09.2026 00:33:25;Нурали Ибрагимов
417050;ZH;201;10527;Закрыт;26.09.2026 00:27:10;Бар Бар new
417028;ZH;3;47078;Закрыт;26.09.2026 00:09:57;Елжан Ахмеш
417026;ZH;2;22717;Закрыт;26.09.2026 00:09:19;Елжан Ахмеш
416992;ZH;17;70754;Закрыт;25.09.2026 23:34:32;Нұрәли Ринат
416972;ZH;35;19534;Закрыт;25.09.2026 23:15:38;Нұрәли Ринат
416936;ZH;30;31704;Закрыт;25.09.2026 22:39:19;Мирас Кустаев
416929;ZH;47;37237;Закрыт;25.09.2026 22:36:55;Алексей Доронин
416913;ZH;22;27500;Закрыт;25.09.2026 22:24:44;Мансур1 Ташен
416902;ZH;1;27887;Закрыт;25.09.2026 22:19:26;Елжан Ахмеш
416892;ZH;13;58115;Закрыт;25.09.2026 22:08:35;Елжан Ахмеш
416891;ZH;881;0;Закрыт;25.09.2026 22:08:08;Елжан Ахмеш
416888;ZH;38;18330;Закрыт;25.09.2026 22:06:35;Раимбек Амирбек
416879;ZH;16;25254;Закрыт;25.09.2026 22:03:19;Гульназ Оразтай
416865;ZH;208;20878;Закрыт;25.09.2026 21:49:04;Бар Бар new
416859;ZH;5;27381;Закрыт;25.09.2026 21:44:53;Марьям Валиева
416848;ZH;848;12300;Закрыт;25.09.2026 21:36:50;Раимбек Амирбек
416842;ZH;21;87606;Закрыт;25.09.2026 21:31:00;Мирас Кустаев
416828;ZH;46;55108;Закрыт;25.09.2026 21:24:45;Алексей Доронин
416819;ZH;18;22167;Закрыт;25.09.2026 21:20:05;Нұрәли Ринат
416806;ZH;41;36887;Закрыт;25.09.2026 21:08:35;Раимбек Амирбек
416789;ZH;203;4167;Закрыт;25.09.2026 20:58:02;Бар Бар new
416776;ZH;833;24587;Закрыт;25.09.2026 20:46:55;Раимбек Амирбек
416774;ZH;19;32941;Закрыт;25.09.2026 20:46:01;Мирас Кустаев
416742;ZH;44;56654;Закрыт;25.09.2026 20:27:21;Алексей Доронин
416740;ZH;827;29751;Закрыт;25.09.2026 20:25:56;Нурали Ибрагимов
416730;ZH;6;18770;Закрыт;25.09.2026 20:17:57;Алексей Доронин
416695;ZH;42;38064;Закрыт;25.09.2026 19:53:29;Алексей Доронин
416690;ZH;201;8094;Закрыт;25.09.2026 19:48:47;Бар Бар new
416688;ZH;34;85445;Закрыт;25.09.2026 19:47:30;Нурали Ибрагимов
416685;ZH;31;81961;Закрыт;25.09.2026 19:44:53;Нұрәли Ринат
416681;ZH;30;13050;Закрыт;25.09.2026 19:43:06;Мирас Кустаев
416670;ZH;27;43624;Закрыт;25.09.2026 19:34:15;Мансур1 Ташен
416664;ZH;25;72563;Закрыт;25.09.2026 19:27:37;Нурали Ибрагимов
416638;ZH;11;67494;Закрыт;25.09.2026 18:56:34;Гульназ Оразтай
416637;ZH;43;6904;Закрыт;25.09.2026 18:54:50;Алексей Доронин
416629;ZH;32;55519;Закрыт;25.09.2026 18:45:16;Мансур1 Ташен
416623;ZH;22;56525;Закрыт;25.09.2026 18:35:31;Нурали Ибрагимов
416620;ZH;202;26521;Закрыт;25.09.2026 18:31:46;Бар Бар new
416619;ZH;16;43054;Закрыт;25.09.2026 18:30:28;Гульназ Оразтай
416617;ZH;29;4600;Закрыт;25.09.2026 18:27:56;Нұрәли Ринат
416579;ZH;48;23804;Закрыт;25.09.2026 17:14:43;Елжан Ахмеш
416576;ZH;30;35581;Закрыт;25.09.2026 17:10:25;Марьям Валиева
416561;ZH;2;14027;Закрыт;25.09.2026 16:44:46;Раимбек Амирбек
416513;ZH;6;8890;Закрыт;25.09.2026 14:20:06;Раимбек Амирбек
416385;ZH;10;436693;Закрыт;25.09.2026 01:20:24;Мансур1 Ташен
416359;ZH;845;1643;Закрыт;25.09.2026 00:59:42;Валерия Дондаренко
416342;ZH;201;12280;Закрыт;25.09.2026 00:30:49;Бар Бар new
416333;ZH;28;18027;Закрыт;25.09.2026 00:22:01;Валерия Дондаренко
416321;ZH;2;14480;Закрыт;25.09.2026 00:04:27;Мансур1 Ташен
416308;ZH;105;15393;Закрыт;24.09.2026 23:44:54;Елжан Ахмеш
416258;ZH;23;18473;Закрыт;24.09.2026 22:50:23;Валерия Дондаренко
416256;ZH;203;11510;Закрыт;24.09.2026 22:49:15;Бар Бар new
416239;ZH;29;26354;Закрыт;24.09.2026 22:31:17;Алан Камбалин
416235;ZH;26;51526;Закрыт;24.09.2026 22:27:25;Алексей Доронин
416224;ZH;829;27907;Закрыт;24.09.2026 22:18:13;Валерия Дондаренко
416217;ZH;34;23494;Закрыт;24.09.2026 22:11:52;Дэвид Югай
416208;ZH;108;30384;Закрыт;24.09.2026 22:02:27;Нұрәли Ринат
416193;ZH;8;72941;Закрыт;24.09.2026 21:47:07;Аружан Райкул
416179;ZH;1;65391;Закрыт;24.09.2026 21:38:20;Мансур1 Ташен
416173;ZH;832;25054;Закрыт;24.09.2026 21:35:37;Алан Камбалин
416168;ZH;18;18350;Закрыт;24.09.2026 21:28:59;Аружан Райкул
416163;ZH;21;26464;Закрыт;24.09.2026 21:25:18;Алан Камбалин
416126;ZH;33;43991;Закрыт;24.09.2026 20:56:20;Мансур1 Ташен
416118;ZH;12;27230;Закрыт;24.09.2026 20:52:44;Алексей Доронин
416092;ZH;14;44950;Закрыт;24.09.2026 20:34:38;Алексей Доронин
416064;ZH;25;102918;Закрыт;24.09.2026 20:14:42;Дэвид Югай
416047;ZH;13;148740;Закрыт;24.09.2026 20:07:24;Дэвид Югай
416036;ZH;9;26794;Закрыт;24.09.2026 19:54:19;Мансур1 Ташен
416032;ZH;19;26607;Закрыт;24.09.2026 19:50:33;Алан Камбалин
416031;ZH;849;0;Закрыт;24.09.2026 19:49:39;Нұрәли Ринат
416020;ZH;44;9524;Закрыт;24.09.2026 19:39:09;Дэвид Югай
416019;ZH;39;19534;Закрыт;24.09.2026 19:38:49;Нұрәли Ринат
415989;ZH;28;35851;Закрыт;24.09.2026 19:07:14;Валерия Дондаренко
415980;ZH;15;53731;Закрыт;24.09.2026 18:57:54;Алексей Доронин
415976;ZH;22;44937;Закрыт;24.09.2026 18:53:30;Валерия Дондаренко
415952;ZH;38;10644;Закрыт;24.09.2026 18:25:04;Нұрәли Ринат
415951;ZH;17;38874;Закрыт;24.09.2026 18:24:26;Аружан Райкул
415922;ZH;6;2620;Закрыт;24.09.2026 17:04:55;Алексей Доронин
415906;ZH;29;10080;Закрыт;24.09.2026 16:16:47;Валерия Дондаренко
415901;ZH;201;9427;Закрыт;24.09.2026 16:02:07;Валерия Дондаренко
415739;ZH;20;8327;Закрыт;24.09.2026 00:49:14;Аружан Райкул
415660;ZH;834;0;Закрыт;23.09.2026 23:08:59;Дэвид Югай
415625;ZH;47;99645;Закрыт;23.09.2026 22:12:19;Дэвид Югай
415614;ZH;28;5920;Закрыт;23.09.2026 22:04:58;Раимбек Амирбек
415604;ZH;31;25694;Закрыт;23.09.2026 21:51:03;Раимбек Амирбек
415602;ZH;16;6140;Закрыт;23.09.2026 21:49:37;Аружан Райкул
415599;ZH;5;27997;Закрыт;23.09.2026 21:43:39;Алихан Сайранбеков
415578;ZH;4;56588;Закрыт;23.09.2026 21:29:46;Алихан Сайранбеков
415573;ZH;24;49738;Закрыт;23.09.2026 21:24:58;Аружан Райкул
415570;ZH;827;16971;Закрыт;23.09.2026 21:24:14;Аружан Райкул
415556;ZH;42;2737;Закрыт;23.09.2026 21:14:17;Дэвид Югай
415548;ZH;829;54784;Закрыт;23.09.2026 21:04:09;Раимбек Амирбек
415537;ZH;34;43817;Закрыт;23.09.2026 20:52:14;Аружан Райкул
415535;ZH;839;0;Закрыт;23.09.2026 20:47:51;Аружан Райкул
415529;ZH;44;9660;Закрыт;23.09.2026 20:42:45;Дэвид Югай
415524;ZH;45;26994;Закрыт;23.09.2026 20:38:30;Дэвид Югай
415491;ZH;39;6684;Закрыт;23.09.2026 20:07:52;Аружан Райкул
415489;ZH;32;127059;Закрыт;23.09.2026 20:05:19;Раимбек Амирбек
415483;ZH;6;57004;Закрыт;23.09.2026 19:59:43;Алихан Сайранбеков
415478;ZH;14;78041;Закрыт;23.09.2026 19:58:41;Аружан Райкул
415464;ZH;12;49859;Закрыт;23.09.2026 19:41:20;Аружан Райкул
415453;ZH;28;18110;Закрыт;23.09.2026 19:32:45;Раимбек Амирбек
415443;ZH;18;51962;Закрыт;23.09.2026 19:26:06;Аружан Райкул
415425;ZH;26;68438;Закрыт;23.09.2026 19:08:08;Нұрәли Ринат
415419;ZH;102;12184;Закрыт;23.09.2026 18:58:29;Алдияр Елубаев
415416;ZH;1;103294;Закрыт;23.09.2026 18:57:24;Алихан Сайранбеков
415415;ZH;19;34830;Закрыт;23.09.2026 18:56:38;Нұрәли Ринат
415412;ZH;833;5540;Закрыт;23.09.2026 18:56:13;Раимбек Амирбек
415397;ZH;101;6017;Закрыт;23.09.2026 18:30:05;Алдияр Елубаев
415391;ZH;44;4277;Закрыт;23.09.2026 18:16:46;Дэвид Югай
415389;ZH;6;12630;Закрыт;23.09.2026 18:15:19;Алихан Сайранбеков
415373;ZH;201;10947;Закрыт;23.09.2026 17:17:30;Бар Бар new
415332;ZH;7;22174;Закрыт;23.09.2026 15:06:05;Дэвид Югай
415326;ZH;108;21177;Закрыт;23.09.2026 14:46:03;Алдияр Елубаев
415159;ZH;39;36208;Закрыт;23.09.2026 00:35:51;Нурали Ибрагимов
415126;ZH;17;18308;Закрыт;23.09.2026 00:02:07;Марьям Валиева
415106;ZH;101;2475;Закрыт;22.09.2026 23:52:14;Алихан Сайранбеков
415095;ZH;23;43184;Закрыт;22.09.2026 23:40:44;Алексей Доронин
415088;ZH;202;6965;Закрыт;22.09.2026 23:28:29;Бар Бар new
415060;ZH;29;42550;Закрыт;22.09.2026 23:08:37;Алексей Доронин
415031;ZH;201;3080;Закрыт;22.09.2026 22:45:03;Бар Бар new
415018;ZH;22;12203;Закрыт;22.09.2026 22:33:42;Алексей Доронин
415017;ZH;45;35520;Закрыт;22.09.2026 22:33:40;Нурали Ибрагимов
415009;ZH;38;22917;Закрыт;22.09.2026 22:24:47;Нурали Ибрагимов
415002;ZH;40;27771;Закрыт;22.09.2026 22:17:39;Нурали Ибрагимов
414995;ZH;202;3067;Закрыт;22.09.2026 22:14:10;Бар Бар new
414981;ZH;104;3080;Закрыт;22.09.2026 22:01:15;Алихан Сайранбеков
414976;ZH;20;49731;Закрыт;22.09.2026 21:58:35;Алексей Доронин
414960;ZH;110;6868;Закрыт;22.09.2026 21:49:58;Алихан Сайранбеков
414952;ZH;42;5108;Закрыт;22.09.2026 21:44:28;Нурали Ибрагимов
414939;ZH;28;37305;Закрыт;22.09.2026 21:33:34;Аружан Райкул
414901;ZH;14;93691;Закрыт;22.09.2026 21:07:02;Елжан Ахмеш
414899;ZH;5;4173;Закрыт;22.09.2026 21:06:30;Марьям Валиева
414871;ZH;24;66183;Закрыт;22.09.2026 20:45:19;Аружан Райкул
414866;ZH;10;133769;Закрыт;22.09.2026 20:40:54;Елжан Ахмеш
414845;ZH;47;54701;Закрыт;22.09.2026 20:21:09;Нурали Ибрагимов
414834;ZH;2;97258;Закрыт;22.09.2026 20:14:31;Елжан Ахмеш
414806;ZH;43;5817;Закрыт;22.09.2026 19:49:04;Нурали Ибрагимов
414793;ZH;101;5487;Закрыт;22.09.2026 19:33:06;Алихан Сайранбеков
414786;ZH;31;58631;Закрыт;22.09.2026 19:30:37;Марьям Валиева
414752;ZH;19;5493;Закрыт;22.09.2026 19:01:01;Алексей Доронин
414746;ZH;833;8334;Закрыт;22.09.2026 18:53:17;Нурали Ибрагимов
414742;ZH;34;22730;Закрыт;22.09.2026 18:49:37;Аружан Райкул
414734;ZH;6;20812;Закрыт;22.09.2026 18:39:04;Марьям Валиева
414732;ZH;27;11744;Закрыт;22.09.2026 18:38:31;Алан Камбалин
414729;ZH;23;49350;Закрыт;22.09.2026 18:32:15;Алексей Доронин
414714;ZH;102;13957;Закрыт;22.09.2026 18:19:37;Алихан Сайранбеков
414705;ZH;109;21382;Закрыт;22.09.2026 18:03:52;Алихан Сайранбеков
414702;ZH;20;16027;Закрыт;22.09.2026 17:50:30;Алексей Доронин
414686;ZH;202;6079;Закрыт;22.09.2026 16:54:42;Бар Бар new
414676;ZH;35;8725;Закрыт;22.09.2026 16:24:21;Гульназ Оразтай
414667;ZH;109;14584;Закрыт;22.09.2026 15:39:34;Елжан Ахмеш
414665;ZH;101;4620;Закрыт;22.09.2026 15:27:17;Елжан Ахмеш
414523;ZH;42;21197;Закрыт;22.09.2026 00:52:33;Алексей Доронин
414512;ZH;34;5150;Закрыт;22.09.2026 00:35:30;Алексей Доронин
414504;ZH;32;6593;Закрыт;22.09.2026 00:27:47;Аружан Райкул
414413;ZH;2;17787;Закрыт;21.09.2026 21:31:14;Алан Камбалин
414392;ZH;26;27674;Закрыт;21.09.2026 20:59:46;Алексей Доронин
414383;ZH;109;7253;Закрыт;21.09.2026 20:44:59;Гульназ Оразтай
414381;ZH;13;90741;Закрыт;21.09.2026 20:34:23;Алан Камбалин
414377;ZH;17;38278;Закрыт;21.09.2026 20:29:41;Елжан Ахмеш
414368;ZH;41;25674;Закрыт;21.09.2026 20:13:01;Алексей Доронин
414346;ZH;201;22620;Закрыт;21.09.2026 19:50:03;Бар Бар new
414344;ZH;22;107051;Закрыт;21.09.2026 19:48:51;Аружан Райкул
414343;ZH;14;146509;Закрыт;21.09.2026 19:46:04;Алан Камбалин
414342;ZH;7;36874;Закрыт;21.09.2026 19:45:26;Елжан Ахмеш
414334;ZH;103;21177;Закрыт;21.09.2026 19:37:08;Гульназ Оразтай
414331;ZH;47;76611;Закрыт;21.09.2026 19:33:55;Алексей Доронин
414321;ZH;20;50851;Закрыт;21.09.2026 19:17:16;Аружан Райкул
414320;ZH;3;15360;Закрыт;21.09.2026 19:16:58;Алан Камбалин
414319;ZH;24;63391;Закрыт;21.09.2026 19:13:34;Алексей Доронин
414303;ZH;39;1753;Закрыт;21.09.2026 18:46:38;Алексей Доронин
414299;ZH;41;10204;Закрыт;21.09.2026 18:41:10;Алексей Доронин
414297;ZH;5;73982;Закрыт;21.09.2026 18:36:21;Елжан Ахмеш
414292;ZH;10;256214;Закрыт;21.09.2026 18:30:46;Алан Камбалин
414289;ZH;19;118884;Закрыт;21.09.2026 18:21:58;Елжан Ахмеш
414270;ZH;32;45056;Закрыт;21.09.2026 18:00:16;Аружан Райкул
414267;ZH;43;5260;Закрыт;21.09.2026 17:50:02;Алексей Доронин
414026;ZH;34;17010;Закрыт;21.09.2026 00:34:05;Кир Вагнер
414001;ZH;105;7557;Закрыт;21.09.2026 00:11:11;Алихан Сайранбеков
413991;ZH;103;12287;Закрыт;20.09.2026 23:58:09;Алихан Сайранбеков
413981;ZH;880;0;Отменен;20.09.2026 23:46:21;Мансур1 Ташен
413968;ZH;843;2633;Закрыт;20.09.2026 23:34:21;Кир Вагнер
413964;ZH;40;6237;Закрыт;20.09.2026 23:33:23;Кир Вагнер
413934;ZH;42;38674;Закрыт;20.09.2026 22:55:52;Кир Вагнер
413907;ZH;108;30653;Закрыт;20.09.2026 22:31:50;Алихан Сайранбеков
413895;ZH;43;23261;Закрыт;20.09.2026 22:21:33;Кир Вагнер
413878;ZH;827;2517;Закрыт;20.09.2026 22:07:42;Мансур1 Ташен
413872;ZH;833;6470;Закрыт;20.09.2026 21:58:55;Кир Вагнер
413849;ZH;27;43014;Закрыт;20.09.2026 21:38:44;Мансур1 Ташен
413828;ZH;44;17211;Закрыт;20.09.2026 21:14:18;Кир Вагнер
413822;ZH;28;27958;Закрыт;20.09.2026 21:10:05;Мансур1 Ташен
413818;ZH;38;52947;Закрыт;20.09.2026 21:06:15;Кир Вагнер
413794;ZH;25;35424;Закрыт;20.09.2026 20:43:44;Кир Вагнер
413772;ZH;32;58003;Закрыт;20.09.2026 20:20:55;Мансур1 Ташен
413764;ZH;14;126529;Закрыт;20.09.2026 20:13:31;Аружан Райкул
413743;ZH;827;30327;Закрыт;20.09.2026 19:58:41;Мансур1 Ташен
413742;ZH;102;37884;Закрыт;20.09.2026 19:58:32;Алихан Сайранбеков
413741;ZH;31;72879;Закрыт;20.09.2026 19:57:19;Мансур1 Ташен
413740;ZH;41;11387;Закрыт;20.09.2026 19:57:03;Кир Вагнер
413730;ZH;33;54707;Закрыт;20.09.2026 19:48:54;Мансур1 Ташен
413697;ZH;106;9317;Закрыт;20.09.2026 19:21:20;Алихан Сайранбеков
413692;ZH;834;20750;Закрыт;20.09.2026 19:11:12;Кир Вагнер
413691;ZH;16;76305;Закрыт;20.09.2026 19:09:57;Аружан Райкул
413672;ZH;17;208956;Закрыт;20.09.2026 18:38:02;Мансур1 Ташен
413670;ZH;21;55477;Закрыт;20.09.2026 18:36:31;Мансур1 Ташен
413668;ZH;22;135909;Закрыт;20.09.2026 18:31:34;Мансур1 Ташен
413648;ZH;101;9007;Закрыт;20.09.2026 18:03:47;Алихан Сайранбеков
413647;ZH;39;28754;Закрыт;20.09.2026 18:02:53;Кир Вагнер
413630;ZH;47;53922;Закрыт;20.09.2026 17:34:31;Кир Вагнер
413617;ZH;4;66308;Закрыт;20.09.2026 17:08:45;Аружан Райкул
413586;ZH;15;140780;Закрыт;20.09.2026 16:23:19;Аружан Райкул
413584;ZH;33;9007;Закрыт;20.09.2026 16:20:22;Мансур1 Ташен
413580;ZH;40;2743;Закрыт;20.09.2026 16:11:31;Кир Вагнер
413577;ZH;;11090;Закрыт;20.09.2026 16:04:39;Алихан Сайранбеков
413554;ZH;38;12404;Закрыт;20.09.2026 15:17:08;Кир Вагнер
413548;ZH;20;16997;Закрыт;20.09.2026 15:09:42;Мансур1 Ташен
413540;ZH;10;278232;Закрыт;20.09.2026 14:59:41;Аружан Райкул
413374;ZH;12;107932;Закрыт;20.09.2026 01:07:59;Раимбек Амирбек
413371;ZH;15;184622;Закрыт;20.09.2026 01:06:35;Раимбек Амирбек
413368;ZH;14;92448;Закрыт;20.09.2026 01:01:48;Раимбек Амирбек
413355;ZH;40;67518;Закрыт;20.09.2026 00:51:24;Нурали Ибрагимов
413331;ZH;30;28191;Закрыт;20.09.2026 00:33:10;Елжан Ахмеш
413323;ZH;45;17120;Закрыт;20.09.2026 00:27:57;Нурали Ибрагимов
413321;ZH;47;97731;Закрыт;20.09.2026 00:25:23;Нурали Ибрагимов
413311;ZH;832;31544;Закрыт;20.09.2026 00:16:58;Кир Вагнер
413284;ZH;7;45058;Закрыт;19.09.2026 23:48:02;Кир Вагнер
413260;ZH;39;115058;Закрыт;19.09.2026 23:24:41;Алексей Доронин
413231;ZH;833;11750;Закрыт;19.09.2026 23:02:43;Аружан Райкул
413226;ZH;104;25817;Закрыт;19.09.2026 22:59:24;Дэвид Югай
413199;ZH;110;14307;Закрыт;19.09.2026 22:45:17;Дэвид Югай
413195;ZH;32;44011;Закрыт;19.09.2026 22:43:03;Елжан Ахмеш
413191;ZH;6;25027;Закрыт;19.09.2026 22:40:31;Кир Вагнер
413183;ZH;38;11524;Закрыт;19.09.2026 22:32:23;Аружан Райкул
413170;ZH;828;20337;Закрыт;19.09.2026 22:24:30;Гульназ Оразтай
413161;ZH;109;10644;Закрыт;19.09.2026 22:18:28;Дэвид Югай
413139;ZH;29;31821;Закрыт;19.09.2026 21:58:39;Гульназ Оразтай
413137;ZH;101;6574;Закрыт;19.09.2026 21:57:39;Дэвид Югай
413113;ZH;41;19974;Закрыт;19.09.2026 21:41:41;Аружан Райкул
413103;ZH;4;160895;Закрыт;19.09.2026 21:33:38;Алексей Доронин
413099;ZH;8;68702;Закрыт;19.09.2026 21:31:21;Кир Вагнер
413090;ZH;26;76666;Закрыт;19.09.2026 21:26:39;Алан Камбалин
413082;ZH;33;18324;Закрыт;19.09.2026 21:22:31;Алан Камбалин
413079;ZH;107;4943;Закрыт;19.09.2026 21:21:52;Дэвид Югай
413052;ZH;827;86852;Закрыт;19.09.2026 21:08:44;Алан Камбалин
413046;ZH;25;156512;Закрыт;19.09.2026 21:05:42;Алан Камбалин
413031;ZH;22;150731;Закрыт;19.09.2026 21:00:46;Гульназ Оразтай
413029;ZH;5;61644;Закрыт;19.09.2026 20:59:44;Кир Вагнер
413025;ZH;27;16460;Закрыт;19.09.2026 20:58:23;Алан Камбалин
413013;ZH;6;36298;Закрыт;19.09.2026 20:53:09;Елжан Ахмеш
413011;ZH;201;7674;Закрыт;19.09.2026 20:52:55;Бар Бар new
413007;ZH;1;69728;Закрыт;19.09.2026 20:51:40;Алексей Доронин
412992;ZH;834;27914;Закрыт;19.09.2026 20:39:35;Аружан Райкул
412981;ZH;42;43451;Закрыт;19.09.2026 20:35:29;Нурали Ибрагимов
412978;ZH;103;31684;Закрыт;19.09.2026 20:34:59;Дэвид Югай
412974;ZH;18;26101;Закрыт;19.09.2026 20:33:17;Елжан Ахмеш
412962;ZH;43;67835;Закрыт;19.09.2026 20:26:16;Нурали Ибрагимов
412959;ZH;829;24147;Закрыт;19.09.2026 20:23:20;Гульназ Оразтай
412957;ZH;28;45811;Закрыт;19.09.2026 20:20:59;Гульназ Оразтай
412949;ZH;2;198210;Закрыт;19.09.2026 20:14:17;Алексей Доронин
412940;ZH;210;15374;Закрыт;19.09.2026 20:06:44;Бар Бар new
412924;ZH;206;25544;Закрыт;19.09.2026 19:55:53;Бар Бар new
412916;ZH;10;272903;Закрыт;19.09.2026 19:47:51;Алексей Доронин
412903;ZH;103;58854;Закрыт;19.09.2026 19:39:12;Дэвид Югай
412867;ZH;3;61138;Закрыт;19.09.2026 18:58:01;Алексей Доронин
412861;ZH;37;21054;Закрыт;19.09.2026 18:54:36;Алан Камбалин
412860;ZH;106;72455;Закрыт;19.09.2026 18:53:43;Дэвид Югай
412848;ZH;43;18317;Закрыт;19.09.2026 18:34:02;Нурали Ибрагимов
412846;ZH;105;18440;Закрыт;19.09.2026 18:33:41;Дэвид Югай
412836;ZH;102;7564;Закрыт;19.09.2026 18:18:15;Дэвид Югай
412808;ZH;108;30747;Закрыт;19.09.2026 17:32:18;Дэвид Югай
412798;ZH;101;34247;Закрыт;19.09.2026 17:08:07;Дэвид Югай
412782;ZH;105;8217;Закрыт;19.09.2026 16:53:03;Дэвид Югай
412738;ZH;201;21861;Закрыт;19.09.2026 15:36:48;Бар Бар new
412736;ZH;104;17560;Закрыт;19.09.2026 15:29:35;Дэвид Югай
412728;ZH;6;15037;Закрыт;19.09.2026 15:09:41;Алексей Доронин
412716;ZH;2;19397;Закрыт;19.09.2026 14:26:26;Алихан Сайранбеков
412595;ZH;841;2737;Закрыт;19.09.2026 00:59:37;Алан Камбалин
412581;ZH;25;763;Закрыт;19.09.2026 00:48:14;Нурали Ибрагимов
412577;ZH;834;18757;Закрыт;19.09.2026 00:46:33;Валерия Дондаренко
412567;ZH;26;32798;Закрыт;19.09.2026 00:43:36;Нурали Ибрагимов
412561;ZH;33;38608;Закрыт;19.09.2026 00:40:55;Нурали Ибрагимов
412521;ZH;850;0;Закрыт;19.09.2026 00:03:18;Алексей Доронин
412476;ZH;828;13270;Закрыт;18.09.2026 23:15:40;Алексей Доронин
412452;ZH;43;30164;Закрыт;18.09.2026 23:03:05;Валерия Дондаренко
412448;ZH;13;23577;Закрыт;18.09.2026 22:59:47;Кир Вагнер
412442;ZH;32;38298;Закрыт;18.09.2026 22:57:25;Алдияр Елубаев
412424;ZH;47;101215;Закрыт;18.09.2026 22:49:40;Валерия Дондаренко
412404;ZH;201;5260;Закрыт;18.09.2026 22:40:52;Бар Бар new
412394;ZH;30;37877;Закрыт;18.09.2026 22:37:39;Елжан Ахмеш
412370;ZH;3;52617;Закрыт;18.09.2026 22:26:06;Аружан Райкул
412366;ZH;827;40427;Закрыт;18.09.2026 22:24:16;Алексей Доронин
412335;ZH;6;30809;Закрыт;18.09.2026 22:04:19;Аружан Райкул
412329;ZH;834;15800;Закрыт;18.09.2026 21:59:43;Валерия Дондаренко
412325;ZH;42;25337;Закрыт;18.09.2026 21:58:26;Валерия Дондаренко
412318;ZH;23;58817;Закрыт;18.09.2026 21:56:27;Алексей Доронин
412286;ZH;34;62990;Закрыт;18.09.2026 21:40:27;Нурали Ибрагимов
412267;ZH;27;7680;Закрыт;18.09.2026 21:34:07;Алдияр Елубаев
412260;ZH;105;24968;Закрыт;18.09.2026 21:31:30;Гульназ Оразтай
412254;ZH;833;17877;Закрыт;18.09.2026 21:28:20;Аружан Райкул
412244;ZH;17;88328;Закрыт;18.09.2026 21:24:14;Алан Камбалин
412221;ZH;5;41294;Закрыт;18.09.2026 21:11:41;Аружан Райкул
412177;ZH;19;57671;Закрыт;18.09.2026 20:47:53;Алан Камбалин
412140;ZH;10;200242;Закрыт;18.09.2026 20:32:12;Раимбек Амирбек
412135;ZH;35;29350;Закрыт;18.09.2026 20:30:57;Алдияр Елубаев
412115;ZH;829;24774;Закрыт;18.09.2026 20:21:04;Алексей Доронин
412091;ZH;108;36551;Закрыт;18.09.2026 20:04:22;Гульназ Оразтай
412090;ZH;14;75258;Закрыт;18.09.2026 20:04:08;Кир Вагнер
412087;ZH;37;26470;Закрыт;18.09.2026 20:02:47;Аружан Райкул
412085;ZH;20;28967;Закрыт;18.09.2026 20:01:54;Алан Камбалин
412074;ZH;46;83875;Закрыт;18.09.2026 19:58:24;Валерия Дондаренко
412071;ZH;43;37198;Закрыт;18.09.2026 19:57:35;Валерия Дондаренко
412067;ZH;25;106872;Закрыт;18.09.2026 19:55:58;Нурали Ибрагимов
412052;ZH;832;14920;Закрыт;18.09.2026 19:41:44;Алдияр Елубаев
412044;ZH;22;107974;Закрыт;18.09.2026 19:34:15;Алексей Доронин
412038;ZH;48;73163;Закрыт;18.09.2026 19:28:25;Аружан Райкул
412030;ZH;107;36861;Закрыт;18.09.2026 19:23:03;Гульназ Оразтай
412026;ZH;29;12384;Закрыт;18.09.2026 19:20:42;Алдияр Елубаев
412023;ZH;11;70877;Закрыт;18.09.2026 19:19:26;Алексей Доронин
412021;ZH;12;52237;Закрыт;18.09.2026 19:18:21;Кир Вагнер
412014;ZH;886;0;Закрыт;18.09.2026 19:14:33;Елжан Ахмеш
412009;ZH;101;5150;Закрыт;18.09.2026 19:08:02;Гульназ Оразтай
412001;ZH;31;15781;Закрыт;18.09.2026 18:58:02;Елжан Ахмеш
411996;ZH;16;100445;Закрыт;18.09.2026 18:49:49;Алан Камбалин
411976;ZH;840;0;Закрыт;18.09.2026 18:23:19;Алексей Доронин
411973;ZH;832;1753;Закрыт;18.09.2026 18:19:27;Елжан Ахмеш
411971;ZH;833;17981;Закрыт;18.09.2026 18:16:17;Аружан Райкул
411970;ZH;1;44464;Закрыт;18.09.2026 18:15:13;Алексей Доронин
411967;ZH;109;89533;Закрыт;18.09.2026 18:09:32;Гульназ Оразтай
411961;ZH;44;53423;Закрыт;18.09.2026 18:01:55;Валерия Дондаренко
411960;ZH;103;9420;Закрыт;18.09.2026 17:59:51;Гульназ Оразтай
411948;ZH;828;107734;Закрыт;18.09.2026 17:24:54;Раимбек Амирбек
411875;ZH;2;7247;Закрыт;18.09.2026 14:14:44;Кир Вагнер
411870;ZH;109;10507;Закрыт;18.09.2026 13:58:54;Раимбек Амирбек
411721;ZH;202;7894;Закрыт;18.09.2026 01:03:23;Бар Бар new
411661;ZH;21;40271;Закрыт;17.09.2026 23:52:41;Алихан Сайранбеков
411656;ZH;12;28217;Закрыт;17.09.2026 23:40:47;Алексей Доронин
411585;ZH;34;25753;Закрыт;17.09.2026 22:29:53;Мансур1 Ташен
411574;ZH;15;84005;Закрыт;17.09.2026 22:15:45;Алексей Доронин
411562;ZH;11;15451;Закрыт;17.09.2026 22:05:01;Алексей Доронин
411523;ZH;38;17657;Закрыт;17.09.2026 21:36:59;Марьям Валиева
411512;ZH;844;0;Закрыт;17.09.2026 21:29:35;Алексей Доронин
411500;ZH;8;69571;Закрыт;17.09.2026 21:17:35;Кир Вагнер
411471;ZH;5;39554;Закрыт;17.09.2026 20:57:24;Кир Вагнер
411467;ZH;48;42304;Закрыт;17.09.2026 20:55:48;Марьям Валиева
411437;ZH;16;22937;Закрыт;17.09.2026 20:34:28;Алексей Доронин
411434;ZH;32;49493;Закрыт;17.09.2026 20:31:15;Алихан Сайранбеков
411410;ZH;4;57281;Закрыт;17.09.2026 20:15:43;Кир Вагнер
411408;ZH;839;0;Закрыт;17.09.2026 20:15:02;Кир Вагнер
411409;ZH;17;33018;Закрыт;17.09.2026 20:15:02;Алексей Доронин
411403;ZH;40;17017;Закрыт;17.09.2026 20:11:23;Марьям Валиева
411396;ZH;25;19301;Закрыт;17.09.2026 20:08:08;Марьям Валиева
411393;ZH;12;92134;Закрыт;17.09.2026 20:06:44;Алексей Доронин
411390;ZH;29;19437;Закрыт;17.09.2026 20:06:07;Алихан Сайранбеков
411376;ZH;22;42216;Закрыт;17.09.2026 19:51:16;Мансур1 Ташен
411365;ZH;34;27447;Закрыт;17.09.2026 19:39:42;Мансур1 Ташен
411357;ZH;18;15030;Закрыт;17.09.2026 19:33:19;Алексей Доронин
411354;ZH;42;17140;Закрыт;17.09.2026 19:31:38;Марьям Валиева
411353;ZH;14;108854;Закрыт;17.09.2026 19:31:24;Алексей Доронин
411347;ZH;1;145631;Закрыт;17.09.2026 19:19:48;Кир Вагнер
411336;ZH;105;13174;Закрыт;17.09.2026 19:10:34;Валерия Дондаренко
411334;ZH;24;34921;Закрыт;17.09.2026 19:07:42;Мансур1 Ташен
411324;ZH;31;115724;Закрыт;17.09.2026 18:47:00;Алихан Сайранбеков
411315;ZH;20;33367;Закрыт;17.09.2026 18:24:02;Алихан Сайранбеков
411297;ZH;102;20970;Закрыт;17.09.2026 18:05:09;Валерия Дондаренко
411290;ZH;101;5914;Закрыт;17.09.2026 17:41:58;Валерия Дондаренко
411284;ZH;6;39197;Закрыт;17.09.2026 17:17:20;Кир Вагнер
411078;ZH;43;34054;Закрыт;17.09.2026 00:46:21;Марьям Валиева
411062;ZH;110;0;Отменен;17.09.2026 00:19:41;Алан Камбалин
411059;ZH;110;0;Отменен;17.09.2026 00:17:34;Алан Камбалин
411056;ZH;26;18291;Закрыт;17.09.2026 00:15:29;Дэвид Югай
411057;ZH;110;0;Отменен;17.09.2026 00:15:29;Алан Камбалин
410976;ZH;23;52158;Закрыт;16.09.2026 22:43:45;Валерия Дондаренко
410962;ZH;12;53394;Закрыт;16.09.2026 22:25:47;Алдияр Елубаев
410959;ZH;16;25777;Закрыт;16.09.2026 22:22:53;Алдияр Елубаев
410941;ZH;24;42027;Закрыт;16.09.2026 22:07:34;Валерия Дондаренко
410924;ZH;29;36758;Закрыт;16.09.2026 21:49:30;Валерия Дондаренко
410905;ZH;4;72481;Закрыт;16.09.2026 21:34:30;Гульназ Оразтай
410903;ZH;47;85811;Закрыт;16.09.2026 21:33:52;Марьям Валиева
410871;ZH;6;25104;Закрыт;16.09.2026 20:52:18;Гульназ Оразтай
410861;ZH;5;35251;Закрыт;16.09.2026 20:42:29;Гульназ Оразтай
410847;ZH;2;57464;Закрыт;16.09.2026 20:29:54;Гульназ Оразтай
410845;ZH;101;43844;Закрыт;16.09.2026 20:29:26;Алан Камбалин
410842;ZH;30;22264;Закрыт;16.09.2026 20:28:52;Аружан Райкул
410840;ZH;16;17030;Закрыт;16.09.2026 20:27:10;Алдияр Елубаев
410820;ZH;34;51627;Закрыт;16.09.2026 20:02:54;Дэвид Югай
410806;ZH;14;120756;Закрыт;16.09.2026 19:47:31;Алдияр Елубаев
410793;ZH;32;85235;Закрыт;16.09.2026 19:33:43;Дэвид Югай
410765;ZH;6;26547;Закрыт;16.09.2026 18:53:54;Гульназ Оразтай
410760;ZH;39;45753;Закрыт;16.09.2026 18:46:09;Дэвид Югай
410756;ZH;201;9207;Закрыт;16.09.2026 18:34:10;Бар Бар new
410747;ZH;108;22070;Закрыт;16.09.2026 18:07:13;Алан Камбалин
410742;ZH;103;22994;Закрыт;16.09.2026 17:56:27;Алан Камбалин
410730;ZH;107;33911;Закрыт;16.09.2026 17:28:34;Алан Камбалин
410721;ZH;20;98014;Закрыт;16.09.2026 16:53:01;Дэвид Югай
410713;ZH;38;1533;Закрыт;16.09.2026 16:14:48;Дэвид Югай
410522;ZH;10;3465;Закрыт;16.09.2026 01:03:28;Алексей Доронин
410519;ZH;20;42959;Закрыт;16.09.2026 01:02:32;Аружан Райкул
410515;ZH;845;10221;Закрыт;16.09.2026 00:58:46;Аружан Райкул
410494;ZH;9;19059;Закрыт;16.09.2026 00:37:47;Дэвид Югай
410492;ZH;101;19384;Закрыт;16.09.2026 00:30:53;Елжан Ахмеш
410487;ZH;11;42049;Закрыт;16.09.2026 00:24:52;Алексей Доронин
410463;ZH;844;0;Закрыт;16.09.2026 00:02:02;Алексей Доронин
410456;ZH;48;9337;Закрыт;15.09.2026 23:56:10;Нурали Ибрагимов
410450;ZH;47;79673;Закрыт;15.09.2026 23:52:06;Нурали Ибрагимов
410425;ZH;8;11860;Закрыт;15.09.2026 23:31:03;Дэвид Югай
410419;ZH;2;32721;Закрыт;15.09.2026 23:27:03;Дэвид Югай
410389;ZH;110;7803;Закрыт;15.09.2026 22:56:17;Елжан Ахмеш
410384;ZH;14;92334;Закрыт;15.09.2026 22:53:40;Алексей Доронин
410377;ZH;105;4950;Закрыт;15.09.2026 22:48:30;Елжан Ахмеш
410376;ZH;32;29473;Закрыт;15.09.2026 22:48:00;Марьям Валиева
410343;ZH;108;7247;Закрыт;15.09.2026 22:20:19;Елжан Ахмеш
410342;ZH;834;16823;Закрыт;15.09.2026 22:19:49;Марьям Валиева
410333;ZH;18;13730;Закрыт;15.09.2026 22:09:14;Аружан Райкул
410329;ZH;31;12294;Закрыт;15.09.2026 22:07:10;Аружан Райкул
410327;ZH;16;23087;Закрыт;15.09.2026 22:06:52;Алексей Доронин
410288;ZH;28;6257;Закрыт;15.09.2026 21:44:08;Аружан Райкул
410283;ZH;30;28098;Закрыт;15.09.2026 21:39:31;Аружан Райкул
410282;ZH;842;24966;Закрыт;15.09.2026 21:39:28;Дэвид Югай
410256;ZH;42;16639;Закрыт;15.09.2026 21:27:33;Нурали Ибрагимов
410243;ZH;44;20592;Закрыт;15.09.2026 21:20:04;Нурали Ибрагимов
410233;ZH;3;35341;Закрыт;15.09.2026 21:12:14;Дэвид Югай
410209;ZH;26;16467;Закрыт;15.09.2026 20:53:23;Марьям Валиева
410191;ZH;2;28554;Отменен;15.09.2026 20:45:00;Дэвид Югай
410186;ZH;24;91553;Закрыт;15.09.2026 20:41:40;Марьям Валиева
410185;ZH;829;79926;Закрыт;15.09.2026 20:41:38;Аружан Райкул
410177;ZH;29;37037;Закрыт;15.09.2026 20:32:51;Аружан Райкул
410175;ZH;46;15580;Закрыт;15.09.2026 20:32:01;Нурали Ибрагимов
410172;ZH;103;17299;Закрыт;15.09.2026 20:31:07;Елжан Ахмеш
410150;ZH;4;60427;Закрыт;15.09.2026 20:13:51;Дэвид Югай
410147;ZH;104;1925;Закрыт;15.09.2026 20:11:16;Елжан Ахмеш
410119;ZH;22;141975;Закрыт;15.09.2026 19:51:03;Аружан Райкул
410115;ZH;21;9997;Закрыт;15.09.2026 19:45:43;Аружан Райкул
410110;ZH;1;73194;Закрыт;15.09.2026 19:42:17;Алексей Доронин
410107;ZH;2;4008;Закрыт;15.09.2026 19:38:45;Дэвид Югай
410099;ZH;20;20427;Закрыт;15.09.2026 19:33:43;Марьям Валиева
410094;ZH;33;20902;Закрыт;15.09.2026 19:30:53;Марьям Валиева
410080;ZH;843;4167;Закрыт;15.09.2026 19:25:46;Марьям Валиева
410078;ZH;10;46031;Закрыт;15.09.2026 19:23:49;Алексей Доронин
410071;ZH;39;6373;Закрыт;15.09.2026 19:15:50;Нурали Ибрагимов
410070;ZH;40;0;Закрыт;15.09.2026 19:15:40;Нурали Ибрагимов
410067;ZH;851;9317;Закрыт;15.09.2026 19:12:58;Дэвид Югай
410066;ZH;850;6037;Закрыт;15.09.2026 19:12:31;Дэвид Югай
410042;ZH;103;10652;Закрыт;15.09.2026 18:47:04;Елжан Ахмеш
410039;ZH;7;11035;Закрыт;15.09.2026 18:38:46;Дэвид Югай
410024;ZH;19;14920;Закрыт;15.09.2026 18:18:38;Аружан Райкул
410009;ZH;202;2523;Закрыт;15.09.2026 18:04:28;Бар Бар new
409996;ZH;31;26602;Закрыт;15.09.2026 17:49:28;Нурали Ибрагимов
409992;ZH;201;6959;Закрыт;15.09.2026 17:37:33;Бар Бар new
409960;ZH;43;16907;Закрыт;15.09.2026 16:35:37;Марьям Валиева
409957;ZH;17;46141;Закрыт;15.09.2026 16:28:54;Марьям Валиева
409942;ZH;15;123431;Закрыт;15.09.2026 16:00:38;Дэвид Югай
409740;ZH;832;4717;Закрыт;15.09.2026 00:23:25;Аружан Райкул
409735;ZH;16;34681;Закрыт;15.09.2026 00:18:40;Валерия Дондаренко
409707;ZH;48;1753;Закрыт;14.09.2026 23:39:18;Аружан Райкул
409696;ZH;24;12824;Закрыт;14.09.2026 23:18:48;Елжан Ахмеш
409692;ZH;41;21494;Закрыт;14.09.2026 23:14:31;Аружан Райкул
409684;ZH;27;41287;Закрыт;14.09.2026 23:06:57;Елжан Ахмеш
409683;ZH;32;28098;Закрыт;14.09.2026 23:04:43;Аружан Райкул
409638;ZH;30;37068;Закрыт;14.09.2026 21:57:42;Елжан Ахмеш
409632;ZH;14;72860;Закрыт;14.09.2026 21:48:23;Валерия Дондаренко
409625;ZH;5;38647;Закрыт;14.09.2026 21:36:28;Алихан Сайранбеков
409618;ZH;21;12074;Закрыт;14.09.2026 21:33:12;Елжан Ахмеш
409592;ZH;18;32984;Закрыт;14.09.2026 21:04:51;Валерия Дондаренко
409565;ZH;10;125706;Закрыт;14.09.2026 20:34:20;Валерия Дондаренко
409549;ZH;101;23190;Закрыт;14.09.2026 20:08:06;Кир Вагнер
409548;ZH;8;763;Закрыт;14.09.2026 20:07:19;Алихан Сайранбеков
409528;ZH;43;3507;Закрыт;14.09.2026 19:43:42;Аружан Райкул
409524;ZH;201;2957;Закрыт;14.09.2026 19:26:17;Ильзат Коскенов
409518;ZH;837;5888;Закрыт;14.09.2026 19:16:37;Елжан Ахмеш
409517;ZH;22;127708;Закрыт;14.09.2026 19:16:27;Елжан Ахмеш
409516;ZH;108;10514;Закрыт;14.09.2026 19:16:10;Кир Вагнер
409505;ZH;7;15671;Закрыт;14.09.2026 18:52:40;Алихан Сайранбеков
409504;ZH;103;12074;Закрыт;14.09.2026 18:50:47;Кир Вагнер
409498;ZH;20;24337;Закрыт;14.09.2026 18:39:58;Валерия Дондаренко
409456;ZH;109;4277;Закрыт;14.09.2026 16:32:02;Кир Вагнер
409411;ZH;832;14157;Закрыт;14.09.2026 14:19:16;Алихан Сайранбеков
409267;ZH;26;107052;Закрыт;14.09.2026 00:48:24;Гульназ Оразтай
409211;ZH;28;16254;Закрыт;13.09.2026 23:41:59;Алихан Сайранбеков
409174;ZH;5;11524;Закрыт;13.09.2026 23:03:27;Алихан Сайранбеков
409170;ZH;5;0;Отменен;13.09.2026 23:00:53;Алихан Сайранбеков
409149;ZH;24;59761;Закрыт;13.09.2026 22:45:06;Гульназ Оразтай
409120;ZH;101;7894;Закрыт;13.09.2026 22:09:38;Мансур1 Ташен
409107;ZH;29;7124;Закрыт;13.09.2026 21:54:48;Кир Вагнер
409102;ZH;27;36511;Закрыт;13.09.2026 21:50:12;Гульназ Оразтай
409059;ZH;828;33627;Закрыт;13.09.2026 21:03:16;Алихан Сайранбеков
409056;ZH;106;14487;Закрыт;13.09.2026 21:00:47;Мансур1 Ташен
409054;ZH;41;16557;Закрыт;13.09.2026 20:59:34;Гульназ Оразтай
409038;ZH;3;1093;Закрыт;13.09.2026 20:49:44;Алихан Сайранбеков
409028;ZH;3;8230;Закрыт;13.09.2026 20:41:12;Алихан Сайранбеков
409022;ZH;104;8774;Закрыт;13.09.2026 20:34:56;Мансур1 Ташен
409011;ZH;108;4393;Закрыт;13.09.2026 20:25:25;Мансур1 Ташен
409003;ZH;25;31601;Закрыт;13.09.2026 20:18:59;Гульназ Оразтай
409002;ZH;39;29724;Закрыт;13.09.2026 20:16:41;Гульназ Оразтай
408982;ZH;102;7570;Закрыт;13.09.2026 19:49:10;Мансур1 Ташен
408981;ZH;105;8444;Закрыт;13.09.2026 19:48:08;Мансур1 Ташен
408956;ZH;22;37354;Закрыт;13.09.2026 19:16:57;Гульназ Оразтай
408949;ZH;103;5150;Закрыт;13.09.2026 19:09:30;Мансур1 Ташен
408914;ZH;5;24917;Закрыт;13.09.2026 18:24:24;Алихан Сайранбеков
408892;ZH;17;41424;Закрыт;13.09.2026 17:57:59;Алихан Сайранбеков
408875;ZH;43;9640;Закрыт;13.09.2026 17:24:17;Алихан Сайранбеков
408848;ZH;101;10974;Закрыт;13.09.2026 16:48:37;Мансур1 Ташен
408830;ZH;108;60071;Закрыт;13.09.2026 16:25:56;Мансур1 Ташен
408806;ZH;2;1753;Закрыт;13.09.2026 15:59:02;Алихан Сайранбеков
408796;ZH;17;53361;Закрыт;13.09.2026 15:39:35;Алихан Сайранбеков
408785;ZH;102;14700;Закрыт;13.09.2026 15:18:13;Мансур1 Ташен
408757;ZH;11;306113;Закрыт;13.09.2026 14:40:00;Кир Вагнер
408727;ZH;7;8334;Закрыт;13.09.2026 13:27:08;Алихан Сайранбеков
408647;ZH;37;17431;Закрыт;13.09.2026 01:28:34;Кир Вагнер
408604;ZH;30;31924;Закрыт;13.09.2026 00:54:08;Марьям Валиева
408574;ZH;827;48677;Закрыт;13.09.2026 00:33:09;Алан Камбалин
408529;ZH;34;104980;Закрыт;13.09.2026 00:01:26;Кир Вагнер
408506;ZH;4;39444;Закрыт;12.09.2026 23:44:58;Елжан Ахмеш
408496;ZH;14;122298;Закрыт;12.09.2026 23:37:00;Алихан Сайранбеков
408466;ZH;11;35781;Закрыт;12.09.2026 23:09:51;Алихан Сайранбеков
408447;ZH;46;32215;Закрыт;12.09.2026 22:55:05;Нурали Ибрагимов
408408;ZH;106;14267;Закрыт;12.09.2026 22:35:24;Алексей Доронин
408388;ZH;44;36157;Закрыт;12.09.2026 22:23:08;Нурали Ибрагимов
408365;ZH;43;45610;Закрыт;12.09.2026 22:09:53;Нурали Ибрагимов
408363;ZH;2;35607;Закрыт;12.09.2026 22:09:36;Раимбек Амирбек
408326;ZH;26;43391;Закрыт;12.09.2026 21:54:33;Кир Вагнер
408292;ZH;20;30961;Закрыт;12.09.2026 21:38:06;Марьям Валиева
408291;ZH;48;50890;Закрыт;12.09.2026 21:38:00;Мансур1 Ташен
408285;ZH;5;69909;Закрыт;12.09.2026 21:34:41;Гульназ Оразтай
408270;ZH;102;6360;Закрыт;12.09.2026 21:29:07;Алексей Доронин
408259;ZH;38;7240;Закрыт;12.09.2026 21:24:22;Кир Вагнер
408251;ZH;201;49115;Закрыт;12.09.2026 21:18:10;Бар Бар new
408242;ZH;828;23714;Закрыт;12.09.2026 21:13:17;Алан Камбалин
408241;ZH;833;16104;Закрыт;12.09.2026 21:13:04;Кир Вагнер
408240;ZH;22;31489;Закрыт;12.09.2026 21:12:51;Алан Камбалин
408237;ZH;35;97295;Закрыт;12.09.2026 21:10:34;Гульназ Оразтай
408234;ZH;25;34247;Закрыт;12.09.2026 21:10:27;Кир Вагнер
408225;ZH;48;25610;Отменен;12.09.2026 21:08:19;Мансур1 Ташен
408223;ZH;28;30701;Закрыт;12.09.2026 21:05:11;Раимбек Амирбек
408222;ZH;840;7907;Закрыт;12.09.2026 21:05:06;Алексей Доронин
408217;ZH;12;31841;Закрыт;12.09.2026 21:00:15;Алихан Сайранбеков
408168;ZH;14;17074;Отменен;12.09.2026 20:37:39;Алихан Сайранбеков
408161;ZH;42;32371;Закрыт;12.09.2026 20:32:35;Нурали Ибрагимов
408152;ZH;107;60084;Закрыт;12.09.2026 20:25:05;Алексей Доронин
408149;ZH;6;55893;Закрыт;12.09.2026 20:23:27;Марьям Валиева
408142;ZH;18;59110;Закрыт;12.09.2026 20:16:26;Марьям Валиева
408138;ZH;843;0;Закрыт;12.09.2026 20:15:39;Елжан Ахмеш
408084;ZH;39;13772;Закрыт;12.09.2026 19:50:51;Мансур1 Ташен
408068;ZH;108;31071;Закрыт;12.09.2026 19:36:08;Алексей Доронин
408067;ZH;106;7784;Закрыт;12.09.2026 19:33:42;Алексей Доронин
408026;ZH;102;7357;Закрыт;12.09.2026 18:59:02;Алексей Доронин
408003;ZH;103;20744;Закрыт;12.09.2026 18:24:22;Алексей Доронин
407998;ZH;4;112501;Закрыт;12.09.2026 18:12:39;Елжан Ахмеш
407972;ZH;101;23034;Закрыт;12.09.2026 17:48:18;Алексей Доронин
407970;ZH;829;16214;Закрыт;12.09.2026 17:46:31;Алан Камбалин
407943;ZH;24;39541;Закрыт;12.09.2026 16:45:30;Марьям Валиева
407927;ZH;6;8224;Закрыт;12.09.2026 16:14:13;Гульназ Оразтай
407925;ZH;21;17134;Закрыт;12.09.2026 16:11:25;Алихан Сайранбеков
407896;ZH;27;18000;Закрыт;12.09.2026 15:32:59;Гульназ Оразтай
407881;ZH;20;46981;Закрыт;12.09.2026 14:59:13;Алихан Сайранбеков
407703;ZH;33;3507;Закрыт;12.09.2026 00:57:22;Марьям Валиева
407702;ZH;881;9000;Закрыт;12.09.2026 00:55:44;Марьям Валиева
407701;ZH;207;3837;Закрыт;12.09.2026 00:55:25;Бар Бар new
407697;ZH;16;13400;Закрыт;12.09.2026 00:53:09;Алексей Доронин
407688;ZH;27;9220;Закрыт;12.09.2026 00:45:51;Дэвид Югай
407686;ZH;11;28136;Закрыт;12.09.2026 00:44:58;Алихан Сайранбеков
407661;ZH;852;6807;Закрыт;12.09.2026 00:26:05;Дэвид Югай
407589;ZH;880;27001;Закрыт;11.09.2026 23:26:59;Марьям Валиева
407559;ZH;29;6587;Закрыт;11.09.2026 23:12:52;Марьям Валиева
407522;ZH;1;1527;Закрыт;11.09.2026 22:53:23;Аружан Райкул
407520;ZH;845;57548;Закрыт;11.09.2026 22:52:57;Алдияр Елубаев
407518;ZH;5;44484;Закрыт;11.09.2026 22:52:07;Елжан Ахмеш
407468;ZH;34;51128;Закрыт;11.09.2026 22:12:34;Алексей Доронин
407454;ZH;48;16997;Закрыт;11.09.2026 22:05:29;Алдияр Елубаев
407436;ZH;104;21740;Закрыт;11.09.2026 21:59:50;Нурали Ибрагимов
407432;ZH;828;30961;Закрыт;11.09.2026 21:58:35;Дэвид Югай
407426;ZH;841;2193;Закрыт;11.09.2026 21:52:51;Елжан Ахмеш
407425;ZH;9;67390;Закрыт;11.09.2026 21:49:36;Елжан Ахмеш
407412;ZH;25;94778;Закрыт;11.09.2026 21:43:21;Алексей Доронин
407400;ZH;16;21842;Закрыт;11.09.2026 21:40:33;Алихан Сайранбеков
407395;ZH;14;113821;Закрыт;11.09.2026 21:38:12;Алихан Сайранбеков
407393;ZH;32;43041;Закрыт;11.09.2026 21:37:48;Марьям Валиева
407391;ZH;12;40291;Закрыт;11.09.2026 21:35:57;Алихан Сайранбеков
407388;ZH;45;32131;Закрыт;11.09.2026 21:34:03;Алдияр Елубаев
407376;ZH;28;61178;Закрыт;11.09.2026 21:29:41;Дэвид Югай
407369;ZH;841;4380;Закрыт;11.09.2026 21:27:12;Алдияр Елубаев
407364;ZH;106;12837;Закрыт;11.09.2026 21:25:28;Нурали Ибрагимов
407361;ZH;829;41448;Закрыт;11.09.2026 21:24:15;Марьям Валиева
407348;ZH;26;25054;Закрыт;11.09.2026 21:17:56;Алексей Доронин
407339;ZH;18;115458;Закрыт;11.09.2026 21:15:03;Кир Вагнер
407336;ZH;7;162252;Закрыт;11.09.2026 21:13:38;Елжан Ахмеш
407316;ZH;8;65745;Закрыт;11.09.2026 21:05:04;Елжан Ахмеш
407303;ZH;108;11744;Закрыт;11.09.2026 20:59:52;Нурали Ибрагимов
407292;ZH;19;44011;Закрыт;11.09.2026 20:56:31;Кир Вагнер
407273;ZH;3;6904;Закрыт;11.09.2026 20:47:23;Аружан Райкул
407264;ZH;30;17431;Закрыт;11.09.2026 20:43:18;Марьям Валиева
407260;ZH;15;91797;Закрыт;11.09.2026 20:40:52;Алихан Сайранбеков
407234;ZH;834;20057;Закрыт;11.09.2026 20:26:08;Алексей Доронин
407206;ZH;13;81752;Закрыт;11.09.2026 20:08:19;Аружан Райкул
407200;ZH;10;147589;Закрыт;11.09.2026 20:02:39;Аружан Райкул
407195;ZH;31;66255;Закрыт;11.09.2026 19:59:16;Марьям Валиева
407183;ZH;11;36485;Закрыт;11.09.2026 19:51:09;Алихан Сайранбеков
407181;ZH;25;15030;Отменен;11.09.2026 19:47:51;Алексей Доронин
407180;ZH;17;78564;Закрыт;11.09.2026 19:47:46;Кир Вагнер
407179;ZH;201;3507;Закрыт;11.09.2026 19:46:46;Бар Бар new
407173;ZH;20;14687;Закрыт;11.09.2026 19:45:52;Кир Вагнер
407151;ZH;47;89318;Закрыт;11.09.2026 19:29:46;Алдияр Елубаев
407147;ZH;210;20161;Закрыт;11.09.2026 19:26:05;Бар Бар new
407142;ZH;102;36124;Закрыт;11.09.2026 19:23:07;Нурали Ибрагимов
407141;ZH;2;65138;Закрыт;11.09.2026 19:19:38;Аружан Райкул
407140;ZH;22;101754;Закрыт;11.09.2026 19:19:31;Дэвид Югай
407115;ZH;101;21204;Закрыт;11.09.2026 18:58:45;Нурали Ибрагимов
407110;ZH;833;30054;Закрыт;11.09.2026 18:55:19;Алексей Доронин
407106;ZH;1;35858;Закрыт;11.09.2026 18:53:40;Аружан Райкул
407098;ZH;46;11834;Закрыт;11.09.2026 18:41:48;Алдияр Елубаев
407083;ZH;215;1753;Закрыт;11.09.2026 18:14:29;Бар Бар new
407076;ZH;828;5260;Закрыт;11.09.2026 18:05:10;Дэвид Югай
407073;ZH;109;68948;Закрыт;11.09.2026 18:03:16;Нурали Ибрагимов
407064;ZH;21;64134;Закрыт;11.09.2026 17:47:51;Кир Вагнер
407056;ZH;27;34324;Закрыт;11.09.2026 17:41:16;Дэвид Югай
407052;ZH;33;32520;Закрыт;11.09.2026 17:37:11;Марьям Валиева
406988;ZH;3;20724;Закрыт;11.09.2026 15:01:58;Дэвид Югай
406976;ZH;205;0;Отменен;11.09.2026 14:35:26;Ернұр Құдайберген
406784;ZH;833;5485;Закрыт;11.09.2026 00:36:06;Кир Вагнер
406781;ZH;201;25104;Закрыт;11.09.2026 00:34:29;Бар Бар new
406675;ZH;108;34555;Закрыт;10.09.2026 22:34:03;Алихан Сайранбеков
406642;ZH;827;4167;Закрыт;10.09.2026 22:01:59;Алексей Доронин
406637;ZH;30;39494;Закрыт;10.09.2026 22:00:16;Дэвид Югай
406632;ZH;43;14597;Закрыт;10.09.2026 21:55:45;Кир Вагнер
406570;ZH;22;36068;Закрыт;10.09.2026 21:00:29;Елжан Ахмеш
406564;ZH;102;4387;Закрыт;10.09.2026 20:53:15;Алихан Сайранбеков
406550;ZH;101;33730;Закрыт;10.09.2026 20:45:10;Алихан Сайранбеков
406549;ZH;42;18570;Закрыт;10.09.2026 20:44:34;Кир Вагнер
406546;ZH;827;24037;Закрыт;10.09.2026 20:43:02;Алексей Доронин
406543;ZH;13;26547;Закрыт;10.09.2026 20:42:02;Аружан Райкул
406528;ZH;24;132275;Закрыт;10.09.2026 20:27:36;Алексей Доронин
406527;ZH;834;18669;Закрыт;10.09.2026 20:26:22;Кир Вагнер
406522;ZH;1;12514;Закрыт;10.09.2026 20:24:43;Мансур1 Ташен
406510;ZH;43;12170;Закрыт;10.09.2026 20:17:21;Кир Вагнер
406476;ZH;17;152258;Закрыт;10.09.2026 19:38:00;Дэвид Югай
406471;ZH;10;141612;Закрыт;10.09.2026 19:33:16;Аружан Райкул
406453;ZH;11;26154;Закрыт;10.09.2026 19:23:34;Аружан Райкул
406451;ZH;29;16111;Закрыт;10.09.2026 19:22:55;Елжан Ахмеш
406445;ZH;31;48910;Закрыт;10.09.2026 19:17:17;Дэвид Югай
406443;ZH;14;103178;Закрыт;10.09.2026 19:16:19;Аружан Райкул
406439;ZH;4;103594;Закрыт;10.09.2026 19:10:59;Мансур1 Ташен
406429;ZH;47;173492;Закрыт;10.09.2026 19:07:12;Кир Вагнер
406416;ZH;27;29924;Закрыт;10.09.2026 18:51:51;Алексей Доронин
406413;ZH;832;5920;Закрыт;10.09.2026 18:46:59;Дэвид Югай
406409;ZH;105;2297;Закрыт;10.09.2026 18:39:57;Алихан Сайранбеков
406406;ZH;21;17794;Закрыт;10.09.2026 18:31:55;Дэвид Югай
406391;ZH;106;5474;Закрыт;10.09.2026 18:14:51;Алихан Сайранбеков
406386;ZH;2;12041;Закрыт;10.09.2026 17:58:13;Мансур1 Ташен
406383;ZH;15;21921;Закрыт;10.09.2026 17:49:13;Аружан Райкул
406371;ZH;211;2957;Закрыт;10.09.2026 17:27:26;Бар Бар new
406361;ZH;6;15690;Закрыт;10.09.2026 16:56:04;Дэвид Югай
406351;ZH;102;25810;Закрыт;10.09.2026 16:22:36;Аружан Райкул
406174;ZH;19;96688;Закрыт;10.09.2026 00:44:02;Елжан Ахмеш
406169;ZH;28;27764;Закрыт;10.09.2026 00:32:17;Валерия Дондаренко
406162;ZH;834;30217;Закрыт;10.09.2026 00:24:14;Аружан Райкул
406147;ZH;31;11840;Закрыт;10.09.2026 00:09:06;Елжан Ахмеш
406120;ZH;33;13490;Закрыт;09.09.2026 23:35:07;Валерия Дондаренко
406117;ZH;43;36474;Закрыт;09.09.2026 23:30:41;Алдияр Елубаев
406111;ZH;106;36854;Закрыт;09.09.2026 23:26:26;Кир Вагнер
406088;ZH;26;21481;Закрыт;09.09.2026 23:12:30;Аружан Райкул
406077;ZH;109;11187;Закрыт;09.09.2026 23:02:53;Кир Вагнер
406064;ZH;46;74932;Закрыт;09.09.2026 22:47:43;Алдияр Елубаев
406037;ZH;110;0;Закрыт;09.09.2026 22:23:15;Кир Вагнер
406036;ZH;39;52611;Закрыт;09.09.2026 22:22:52;Аружан Райкул
406032;ZH;101;39824;Закрыт;09.09.2026 22:20:32;Кир Вагнер
406027;ZH;104;7797;Закрыт;09.09.2026 22:15:07;Кир Вагнер
406011;ZH;30;19004;Закрыт;09.09.2026 21:55:18;Елжан Ахмеш
405991;ZH;21;29374;Закрыт;09.09.2026 21:37:35;Елжан Ахмеш
405990;ZH;17;117792;Закрыт;09.09.2026 21:36:38;Елжан Ахмеш
405965;ZH;22;15380;Закрыт;09.09.2026 21:17:37;Валерия Дондаренко
405956;ZH;11;342804;Закрыт;09.09.2026 21:05:03;Аружан Райкул
405950;ZH;3;33491;Закрыт;09.09.2026 20:59:22;Гульназ Оразтай
405948;ZH;2;13847;Закрыт;09.09.2026 20:58:22;Гульназ Оразтай
405944;ZH;105;27111;Закрыт;09.09.2026 20:50:15;Кир Вагнер
405938;ZH;201;26233;Закрыт;09.09.2026 20:44:32;Бар Бар new
405919;ZH;107;20174;Закрыт;09.09.2026 20:25:27;Кир Вагнер
405915;ZH;4;41094;Закрыт;09.09.2026 20:20:59;Гульназ Оразтай
405914;ZH;6;80538;Закрыт;09.09.2026 20:20:46;Алдияр Елубаев
405893;ZH;24;2083;Закрыт;09.09.2026 20:05:04;Валерия Дондаренко
405891;ZH;27;64607;Закрыт;09.09.2026 20:04:11;Аружан Райкул
405869;ZH;10;99658;Закрыт;09.09.2026 19:39:20;Гульназ Оразтай
405867;ZH;18;1093;Закрыт;09.09.2026 19:37:48;Валерия Дондаренко
405866;ZH;17;2743;Закрыт;09.09.2026 19:37:11;Валерия Дондаренко
405863;ZH;24;19224;Закрыт;09.09.2026 19:36:12;Валерия Дондаренко
405846;ZH;104;24017;Закрыт;09.09.2026 19:17:54;Кир Вагнер
405824;ZH;108;13730;Закрыт;09.09.2026 18:34:47;Кир Вагнер
405818;ZH;32;39754;Закрыт;09.09.2026 18:20:16;Валерия Дондаренко
405811;ZH;105;1753;Закрыт;09.09.2026 18:12:00;Кир Вагнер
405794;ZH;20;25404;Закрыт;09.09.2026 17:37:30;Валерия Дондаренко
405790;ZH;103;20977;Закрыт;09.09.2026 17:34:05;Кир Вагнер
405766;ZH;101;7124;Закрыт;09.09.2026 16:00:41;Кир Вагнер
405761;ZH;33;21624;Закрыт;09.09.2026 15:51:22;Валерия Дондаренко
405748;ZH;6;25034;Закрыт;09.09.2026 15:09:40;Валерия Дондаренко
405572;ZH;43;14280;Закрыт;09.09.2026 00:32:25;Валерия Дондаренко
405562;ZH;208;4778;Закрыт;09.09.2026 00:15:13;Бар Бар new
405556;ZH;38;1423;Закрыт;09.09.2026 00:09:23;Валерия Дондаренко
405542;ZH;38;1093;Закрыт;08.09.2026 23:45:46;Валерия Дондаренко
405536;ZH;38;17620;Закрыт;08.09.2026 23:42:27;Валерия Дондаренко
405494;ZH;11;83981;Закрыт;08.09.2026 23:05:29;Алихан Сайранбеков
405480;ZH;18;26937;Закрыт;08.09.2026 22:52:57;Нурали Ибрагимов
405458;ZH;8;37545;Закрыт;08.09.2026 22:36:00;Елжан Ахмеш
405455;ZH;46;9673;Закрыт;08.09.2026 22:33:51;Валерия Дондаренко
405407;ZH;33;4336;Закрыт;08.09.2026 21:57:47;Гульназ Оразтай
405405;ZH;839;7643;Закрыт;08.09.2026 21:57:30;Алихан Сайранбеков
405399;ZH;202;3080;Закрыт;08.09.2026 21:53:32;Бар Бар new
405377;ZH;30;64401;Закрыт;08.09.2026 21:41:38;Нурали Ибрагимов
405371;ZH;6;14837;Закрыт;08.09.2026 21:38:59;Елжан Ахмеш
405364;ZH;106;16260;Закрыт;08.09.2026 21:35:42;Алан Камбалин
405353;ZH;24;29812;Закрыт;08.09.2026 21:31:04;Гульназ Оразтай
405313;ZH;34;13620;Закрыт;08.09.2026 21:03:10;Валерия Дондаренко
405301;ZH;2;26651;Закрыт;08.09.2026 20:52:19;Елжан Ахмеш
405293;ZH;41;18570;Закрыт;08.09.2026 20:46:56;Валерия Дондаренко
405278;ZH;17;61307;Закрыт;08.09.2026 20:39:59;Алихан Сайранбеков
405277;ZH;102;4827;Закрыт;08.09.2026 20:39:54;Алан Камбалин
405274;ZH;101;4827;Закрыт;08.09.2026 20:39:13;Алан Камбалин
405266;ZH;26;19210;Закрыт;08.09.2026 20:34:39;Гульназ Оразтай
405256;ZH;42;20337;Закрыт;08.09.2026 20:28:13;Валерия Дондаренко
405233;ZH;39;40091;Закрыт;08.09.2026 20:11:41;Валерия Дондаренко
405219;ZH;38;0;Закрыт;08.09.2026 20:03:45;Валерия Дондаренко
405217;ZH;29;23452;Закрыт;08.09.2026 20:03:04;Нурали Ибрагимов
405214;ZH;10;222075;Закрыт;08.09.2026 20:01:59;Алихан Сайранбеков
405212;ZH;47;133951;Закрыт;08.09.2026 20:00:21;Валерия Дондаренко
405169;ZH;16;20544;Закрыт;08.09.2026 19:14:51;Алихан Сайранбеков
405161;ZH;827;63857;Закрыт;08.09.2026 19:09:10;Гульназ Оразтай
405159;ZH;20;54034;Закрыт;08.09.2026 19:07:35;Нурали Ибрагимов
405155;ZH;105;385;Закрыт;08.09.2026 19:04:50;Алан Камбалин
405148;ZH;22;51810;Закрыт;08.09.2026 18:55:57;Нурали Ибрагимов
405147;ZH;203;8347;Закрыт;08.09.2026 18:55:39;Бар Бар new
405130;ZH;40;12967;Закрыт;08.09.2026 18:39:48;Валерия Дондаренко
405104;ZH;15;45144;Закрыт;08.09.2026 18:16:27;Алихан Сайранбеков
405100;ZH;105;1540;Закрыт;08.09.2026 18:13:44;Алан Камбалин
405091;ZH;102;13235;Закрыт;08.09.2026 18:05:06;Алан Камбалин
405089;ZH;34;5823;Закрыт;08.09.2026 18:00:52;Валерия Дондаренко
405086;ZH;20;18786;Закрыт;08.09.2026 17:55:57;Нурали Ибрагимов
405084;ZH;201;5542;Закрыт;08.09.2026 17:52:13;Бар Бар new
405083;ZH;39;21787;Закрыт;08.09.2026 17:48:31;Валерия Дондаренко
405080;ZH;4;41430;Закрыт;08.09.2026 17:44:15;Елжан Ахмеш
405073;ZH;2;19657;Закрыт;08.09.2026 17:15:57;Нурали Ибрагимов
405050;ZH;108;1540;Закрыт;08.09.2026 16:16:12;Алан Камбалин
405039;ZH;101;29091;Закрыт;08.09.2026 15:50:10;Алан Камбалин
405016;ZH;43;23701;Закрыт;08.09.2026 14:58:24;Елжан Ахмеш
404888;ZH;33;18751;Закрыт;08.09.2026 01:26:53;Валерия Дондаренко
404856;ZH;41;25571;Закрыт;08.09.2026 00:22:32;Дэвид Югай
404846;ZH;47;14320;Закрыт;08.09.2026 00:15:25;Алексей Доронин
404826;ZH;828;20750;Закрыт;07.09.2026 23:38:46;Алексей Доронин
404815;ZH;2;28043;Закрыт;07.09.2026 23:27:34;Аружан Райкул
404813;ZH;26;58199;Закрыт;07.09.2026 23:20:22;Валерия Дондаренко
404763;ZH;29;30864;Закрыт;07.09.2026 22:25:35;Алексей Доронин
404724;ZH;17;105178;Закрыт;07.09.2026 21:31:38;Алексей Доронин
404723;ZH;103;3617;Закрыт;07.09.2026 21:31:37;Елжан Ахмеш
404718;ZH;20;37924;Закрыт;07.09.2026 21:24:01;Алексей Доронин
404702;ZH;13;114638;Закрыт;07.09.2026 21:03:27;Аружан Райкул
404671;ZH;827;13330;Закрыт;07.09.2026 20:20:39;Валерия Дондаренко
404664;ZH;6;12184;Закрыт;07.09.2026 20:14:52;Алексей Доронин
404650;ZH;21;53251;Закрыт;07.09.2026 20:05:01;Алексей Доронин
404648;ZH;40;26904;Закрыт;07.09.2026 20:02:06;Алексей Доронин
404641;ZH;38;17457;Закрыт;07.09.2026 19:51:14;Дэвид Югай
404633;ZH;47;47073;Закрыт;07.09.2026 19:44:19;Алексей Доронин
404625;ZH;102;9220;Закрыт;07.09.2026 19:40:03;Елжан Ахмеш
404614;ZH;34;84236;Закрыт;07.09.2026 19:28:56;Валерия Дондаренко
404613;ZH;14;129021;Закрыт;07.09.2026 19:25:29;Аружан Райкул
404608;ZH;22;93174;Закрыт;07.09.2026 19:16:43;Валерия Дондаренко
404601;ZH;43;8657;Закрыт;07.09.2026 19:03:29;Дэвид Югай
404577;ZH;25;62201;Закрыт;07.09.2026 18:22:11;Валерия Дондаренко
404575;ZH;18;10430;Закрыт;07.09.2026 18:20:48;Алексей Доронин
404573;ZH;32;45364;Закрыт;07.09.2026 18:15:49;Валерия Дондаренко
404562;ZH;20;14914;Закрыт;07.09.2026 17:57:56;Алексей Доронин
404474;ZH;20;13490;Закрыт;07.09.2026 14:55:39;Кир Вагнер
404265;ZH;31;55022;Закрыт;07.09.2026 00:09:12;Елжан Ахмеш
404252;ZH;30;32954;Закрыт;06.09.2026 23:59:09;Елжан Ахмеш
404209;ZH;201;9530;Закрыт;06.09.2026 23:18:37;Бар Бар new
404188;ZH;5;53669;Закрыт;06.09.2026 23:04:36;Алексей Доронин
404167;ZH;11;14494;Закрыт;06.09.2026 22:44:28;Алихан Сайранбеков
404165;ZH;33;7900;Закрыт;06.09.2026 22:42:29;Алан Камбалин
404163;ZH;28;53385;Закрыт;06.09.2026 22:41:11;Алан Камбалин
404162;ZH;17;151384;Закрыт;06.09.2026 22:40:53;Алихан Сайранбеков
404131;ZH;203;2594;Закрыт;06.09.2026 21:59:56;Бар Бар new
404123;ZH;3;42750;Закрыт;06.09.2026 21:50:01;Алексей Доронин
404056;ZH;18;42291;Закрыт;06.09.2026 20:48:41;Елжан Ахмеш
404036;ZH;2;112508;Закрыт;06.09.2026 20:23:20;Алексей Доронин
404031;ZH;45;94538;Закрыт;06.09.2026 20:20:33;Кир Вагнер
404020;ZH;832;4167;Закрыт;06.09.2026 20:10:42;Елжан Ахмеш
404009;ZH;22;129965;Закрыт;06.09.2026 20:01:04;Елжан Ахмеш
404006;ZH;42;6354;Закрыт;06.09.2026 19:55:29;Кир Вагнер
403995;ZH;107;4717;Закрыт;06.09.2026 19:44:58;Алексей Доронин
403981;ZH;14;45597;Закрыт;06.09.2026 19:30:08;Алихан Сайранбеков
403972;ZH;29;15160;Закрыт;06.09.2026 19:16:55;Кир Вагнер
403958;ZH;104;31634;Закрыт;06.09.2026 19:02:28;Алексей Доронин
403956;ZH;20;0;Закрыт;06.09.2026 19:00:56;Елжан Ахмеш
403948;ZH;33;33464;Закрыт;06.09.2026 18:44:12;Алан Камбалин
403945;ZH;10;267001;Закрыт;06.09.2026 18:40:31;Алихан Сайранбеков
403919;ZH;107;1643;Закрыт;06.09.2026 17:58:01;Алексей Доронин
403915;ZH;3;13167;Закрыт;06.09.2026 17:49:38;Алексей Доронин
403887;ZH;24;25480;Закрыт;06.09.2026 17:13:30;Алан Камбалин
403879;ZH;101;30637;Закрыт;06.09.2026 16:58:47;Алексей Доронин
403872;ZH;101;3287;Закрыт;06.09.2026 16:44:12;Алихан Сайранбеков
403817;ZH;17;45118;Закрыт;06.09.2026 14:59:48;Елжан Ахмеш
403794;ZH;835;0;Закрыт;06.09.2026 14:20:14;Елжан Ахмеш
403790;ZH;4;29130;Закрыт;06.09.2026 14:16:25;Кир Вагнер
403786;ZH;20;24244;Закрыт;06.09.2026 14:14:13;Елжан Ахмеш
403784;ZH;201;20607;Закрыт;06.09.2026 14:09:51;Бар Бар new
403674;ZH;837;7907;Закрыт;06.09.2026 01:16:12;Алихан Сайранбеков
403662;ZH;4;55953;Закрыт;06.09.2026 01:10:52;Аружан Райкул
403637;ZH;832;20757;Закрыт;06.09.2026 00:56:00;Валерия Дондаренко
403626;ZH;845;0;Закрыт;06.09.2026 00:48:40;Кир Вагнер
403624;ZH;844;0;Закрыт;06.09.2026 00:46:51;Кир Вагнер
403620;ZH;201;30791;Закрыт;06.09.2026 00:45:31;Бар Бар new
403619;ZH;5;15794;Закрыт;06.09.2026 00:45:14;Алан Камбалин
403545;ZH;19;18104;Закрыт;05.09.2026 23:59:29;Валерия Дондаренко
403489;ZH;842;8787;Закрыт;05.09.2026 23:17:22;Аружан Райкул
403486;ZH;21;8664;Закрыт;05.09.2026 23:15:42;Валерия Дондаренко
403473;ZH;829;16678;Закрыт;05.09.2026 23:09:17;Алихан Сайранбеков
403470;ZH;47;81094;Закрыт;05.09.2026 23:08:02;Раимбек Амирбек
403462;ZH;213;7454;Закрыт;05.09.2026 22:57:47;Бар Бар new
403413;ZH;15;174269;Закрыт;05.09.2026 22:29:54;Рамазан Булат
403410;ZH;14;114622;Закрыт;05.09.2026 22:27:43;Рамазан Булат
403405;ZH;2;85936;Закрыт;05.09.2026 22:26:14;Аружан Райкул
403404;ZH;7;43190;Закрыт;05.09.2026 22:23:55;Алан Камбалин
403380;ZH;1;50618;Закрыт;05.09.2026 22:09:14;Аружан Райкул
403364;ZH;41;15561;Закрыт;05.09.2026 21:58:08;Кир Вагнер
403363;ZH;26;17114;Закрыт;05.09.2026 21:57:47;Алихан Сайранбеков
403362;ZH;33;46539;Закрыт;05.09.2026 21:56:57;Нурали Ибрагимов
403359;ZH;828;49834;Закрыт;05.09.2026 21:56:06;Алихан Сайранбеков
403355;ZH;9;26981;Закрыт;05.09.2026 21:54:44;Аружан Райкул
403348;ZH;39;15257;Закрыт;05.09.2026 21:52:09;Кир Вагнер
403331;ZH;18;28101;Закрыт;05.09.2026 21:42:39;Алан Камбалин
403291;ZH;839;24827;Закрыт;05.09.2026 21:23:12;Аружан Райкул
403279;ZH;40;29214;Закрыт;05.09.2026 21:17:31;Кир Вагнер
403270;ZH;12;105382;Закрыт;05.09.2026 21:13:35;Алихан Сайранбеков
403267;ZH;25;147979;Закрыт;05.09.2026 21:11:56;Алихан Сайранбеков
403243;ZH;32;136242;Закрыт;05.09.2026 20:59:43;Нурали Ибрагимов
403229;ZH;22;115966;Закрыт;05.09.2026 20:54:53;Валерия Дондаренко
403226;ZH;5;45771;Закрыт;05.09.2026 20:54:25;Алан Камбалин
403224;ZH;20;25150;Закрыт;05.09.2026 20:53:51;Валерия Дондаренко
403220;ZH;19;18550;Закрыт;05.09.2026 20:52:25;Валерия Дондаренко
403217;ZH;34;8780;Закрыт;05.09.2026 20:51:09;Раимбек Амирбек
403201;ZH;24;36131;Закрыт;05.09.2026 20:41:35;Алихан Сайранбеков
403188;ZH;827;81631;Закрыт;05.09.2026 20:34:40;Алихан Сайранбеков
403155;ZH;29;46851;Закрыт;05.09.2026 20:17:38;Нурали Ибрагимов
403148;ZH;10;159036;Закрыт;05.09.2026 20:15:07;Аружан Райкул
403140;ZH;21;20841;Закрыт;05.09.2026 20:10:24;Валерия Дондаренко
403136;ZH;13;23907;Закрыт;05.09.2026 20:08:03;Рамазан Булат
403118;ZH;3;67797;Закрыт;05.09.2026 19:55:35;Аружан Райкул
403104;ZH;17;77975;Закрыт;05.09.2026 19:45:13;Алан Камбалин
403103;ZH;43;28670;Закрыт;05.09.2026 19:44:36;Раимбек Амирбек
403102;ZH;8;73218;Закрыт;05.09.2026 19:44:33;Алан Камбалин
403094;ZH;38;14804;Закрыт;05.09.2026 19:38:57;Кир Вагнер
403048;ZH;7;45804;Закрыт;05.09.2026 18:59:15;Алан Камбалин
403039;ZH;829;14040;Закрыт;05.09.2026 18:48:57;Алихан Сайранбеков
403031;ZH;27;36230;Закрыт;05.09.2026 18:38:35;Нурали Ибрагимов
402999;ZH;103;21171;Закрыт;05.09.2026 18:01:15;Валерия Дондаренко
402997;ZH;2;47291;Закрыт;05.09.2026 17:59:49;Аружан Райкул
402988;ZH;17;64918;Закрыт;05.09.2026 17:43:43;Нурали Ибрагимов
402809;ZH;26;49854;Закрыт;05.09.2026 01:40:57;Валерия Дондаренко
402803;ZH;832;16460;Закрыт;05.09.2026 01:35:01;Валерия Дондаренко
402798;ZH;22;20530;Закрыт;05.09.2026 01:30:21;Валерия Дондаренко
402767;ZH;15;148955;Закрыт;05.09.2026 01:11:03;Нурали Ибрагимов
402761;ZH;43;37211;Закрыт;05.09.2026 01:06:46;Елжан Ахмеш
402732;ZH;861;40264;Закрыт;05.09.2026 00:53:04;Нурали Ибрагимов
402711;ZH;19;20876;Закрыт;05.09.2026 00:42:43;Валерия Дондаренко
402709;ZH;17;8787;Закрыт;05.09.2026 00:42:06;Валерия Дондаренко
402706;ZH;48;70037;Закрыт;05.09.2026 00:40:44;Марьям Валиева
402687;ZH;102;11750;Закрыт;05.09.2026 00:29:56;Алихан Сайранбеков
402684;ZH;3;19983;Закрыт;05.09.2026 00:27:22;Алихан Сайранбеков
402631;ZH;33;31478;Закрыт;04.09.2026 23:58:50;Гульназ Оразтай
402627;ZH;11;60232;Закрыт;04.09.2026 23:57:47;Нурали Ибрагимов
402620;ZH;846;21721;Закрыт;04.09.2026 23:53:41;Елжан Ахмеш
402608;ZH;32;121768;Закрыт;04.09.2026 23:43:00;Гульназ Оразтай
402602;ZH;2;96334;Закрыт;04.09.2026 23:36:08;Алихан Сайранбеков
402598;ZH;204;58331;Закрыт;04.09.2026 23:31:07;Бар Бар new
402534;ZH;9;27667;Закрыт;04.09.2026 22:50:40;Алихан Сайранбеков
402528;ZH;5;14707;Закрыт;04.09.2026 22:48:41;Кир Вагнер
402512;ZH;40;44748;Закрыт;04.09.2026 22:34:53;Марьям Валиева
402509;ZH;834;21294;Закрыт;04.09.2026 22:33:02;Марьям Валиева
402506;ZH;22;9207;Закрыт;04.09.2026 22:30:14;Валерия Дондаренко
402487;ZH;35;26671;Закрыт;04.09.2026 22:19:18;Валерия Дондаренко
402480;ZH;206;5053;Закрыт;04.09.2026 22:16:45;Бар Бар new
402471;ZH;12;10540;Закрыт;04.09.2026 22:11:51;Нурали Ибрагимов
402425;ZH;101;19617;Закрыт;04.09.2026 21:47:44;Алихан Сайранбеков
402405;ZH;14;75555;Закрыт;04.09.2026 21:30:47;Нурали Ибрагимов
402368;ZH;23;61741;Закрыт;04.09.2026 21:12:55;Валерия Дондаренко
402361;ZH;47;113175;Закрыт;04.09.2026 21:07:17;Марьям Валиева
402358;ZH;46;59055;Закрыт;04.09.2026 21:04:16;Елжан Ахмеш
402347;ZH;102;4710;Закрыт;04.09.2026 20:56:00;Алихан Сайранбеков
402340;ZH;103;53238;Закрыт;04.09.2026 20:54:18;Алихан Сайранбеков
402314;ZH;838;1313;Закрыт;04.09.2026 20:43:32;Алихан Сайранбеков
402307;ZH;842;0;Закрыт;04.09.2026 20:40:11;Кир Вагнер
402305;ZH;10;209858;Закрыт;04.09.2026 20:39:52;Алихан Сайранбеков
402293;ZH;4;79366;Закрыт;04.09.2026 20:31:27;Кир Вагнер
402289;ZH;1;6904;Закрыт;04.09.2026 20:28:16;Алихан Сайранбеков
402278;ZH;38;73432;Закрыт;04.09.2026 20:18:12;Гульназ Оразтай
402271;ZH;7;79444;Закрыт;04.09.2026 20:15:59;Кир Вагнер
402259;ZH;834;23494;Закрыт;04.09.2026 20:10:15;Марьям Валиева
402234;ZH;8;79772;Закрыт;04.09.2026 19:53:00;Кир Вагнер
402233;ZH;21;33491;Закрыт;04.09.2026 19:52:26;Валерия Дондаренко
402230;ZH;32;67137;Закрыт;04.09.2026 19:48:10;Гульназ Оразтай
402211;ZH;16;48387;Закрыт;04.09.2026 19:29:24;Нурали Ибрагимов
402209;ZH;203;36390;Закрыт;04.09.2026 19:27:10;Бар Бар new
402151;ZH;201;1527;Закрыт;04.09.2026 18:22:06;Бар Бар new
402139;ZH;41;77449;Закрыт;04.09.2026 18:02:26;Марьям Валиева
402127;ZH;835;10637;Закрыт;04.09.2026 17:35:55;Кир Вагнер
402124;ZH;14;23164;Закрыт;04.09.2026 17:28:52;Гульназ Оразтай
402105;ZH;38;14480;Закрыт;04.09.2026 16:11:36;Марьям Валиева
402101;ZH;6;26891;Закрыт;04.09.2026 16:09:36;Кир Вагнер
402091;ZH;33;8767;Закрыт;04.09.2026 15:38:46;Кир Вагнер
402088;ZH;833;7720;Закрыт;04.09.2026 15:29:16;Марьям Валиева
402087;ZH;7;28217;Закрыт;04.09.2026 15:28:11;Кир Вагнер
402076;ZH;835;0;Закрыт;04.09.2026 14:53:26;Администратор Администратор
402072;ZH;16;14597;Закрыт;04.09.2026 14:42:42;Кир Вагнер
401934;ZH;6;88911;Закрыт;04.09.2026 01:33:13;Елжан Ахмеш
401915;ZH;45;60152;Закрыт;04.09.2026 01:21:14;Алексей Доронин
401889;ZH;16;18330;Закрыт;04.09.2026 01:04:31;Нурали Ибрагимов
401886;ZH;7;6574;Закрыт;04.09.2026 01:01:22;Елжан Ахмеш
401883;ZH;30;2193;Закрыт;04.09.2026 01:00:11;Марьям Валиева
401857;ZH;834;16460;Закрыт;04.09.2026 00:40:29;Анфиса Демьяненко
401814;ZH;27;3177;Закрыт;04.09.2026 00:03:23;Валерия Дондаренко
401748;ZH;20;6250;Закрыт;03.09.2026 23:01:17;Марьям Валиева
401744;ZH;201;7117;Закрыт;03.09.2026 22:59:16;Бар Бар new
401739;ZH;215;0;Закрыт;03.09.2026 22:53:52;Анфиса Демьяненко
401727;ZH;201;6134;Закрыт;03.09.2026 22:39:36;Бар Бар new
401719;ZH;7;10094;Закрыт;03.09.2026 22:34:34;Елжан Ахмеш
401716;ZH;47;64561;Закрыт;03.09.2026 22:31:34;Алексей Доронин
401689;ZH;38;14247;Закрыт;03.09.2026 22:04:05;Анфиса Демьяненко
401680;ZH;42;763;Закрыт;03.09.2026 21:54:52;Алексей Доронин
401675;ZH;26;96752;Закрыт;03.09.2026 21:50:50;Анфиса Демьяненко
401673;ZH;40;20297;Закрыт;03.09.2026 21:49:00;Анфиса Демьяненко
401664;ZH;37;27551;Закрыт;03.09.2026 21:43:04;Анфиса Демьяненко
401663;ZH;833;43171;Закрыт;03.09.2026 21:42:47;Анфиса Демьяненко
401659;ZH;4;134849;Закрыт;03.09.2026 21:40:50;Елжан Ахмеш
401644;ZH;29;25139;Закрыт;03.09.2026 21:32:01;Валерия Дондаренко
401635;ZH;17;69677;Закрыт;03.09.2026 21:25:19;Нурали Ибрагимов
401622;ZH;44;8010;Закрыт;03.09.2026 21:14:06;Алексей Доронин
401616;ZH;18;6904;Закрыт;03.09.2026 21:11:23;Нурали Ибрагимов
401614;ZH;20;59444;Закрыт;03.09.2026 21:07:32;Марьям Валиева
401610;ZH;39;10993;Закрыт;03.09.2026 21:05:26;Анфиса Демьяненко
401602;ZH;30;22510;Закрыт;03.09.2026 20:57:32;Марьям Валиева
401597;ZH;214;4820;Закрыт;03.09.2026 20:55:32;Анфиса Демьяненко
401578;ZH;25;73841;Закрыт;03.09.2026 20:40:09;Анфиса Демьяненко
401575;ZH;22;101235;Закрыт;03.09.2026 20:37:05;Марьям Валиева
401570;ZH;201;12657;Закрыт;03.09.2026 20:32:30;Бар Бар new
401552;ZH;42;33898;Закрыт;03.09.2026 20:15:18;Алексей Доронин
401548;ZH;829;70481;Закрыт;03.09.2026 20:11:57;Марьям Валиева
401545;ZH;832;0;Закрыт;03.09.2026 20:10:17;Валерия Дондаренко
401541;ZH;2;67032;Закрыт;03.09.2026 20:08:01;Алихан Сайранбеков
401532;ZH;28;38504;Закрыт;03.09.2026 19:59:44;Валерия Дондаренко
401517;ZH;43;18737;Закрыт;03.09.2026 19:38:24;Алексей Доронин
401515;ZH;201;10094;Закрыт;03.09.2026 19:36:45;Бар Бар new
401514;ZH;32;45714;Закрыт;03.09.2026 19:36:18;Валерия Дондаренко
401512;ZH;7;28437;Закрыт;03.09.2026 19:32:54;Елжан Ахмеш
401510;ZH;41;81288;Закрыт;03.09.2026 19:30:37;Алексей Доронин
401506;ZH;14;41164;Закрыт;03.09.2026 19:27:23;Ибрагимов Нурали
401505;ZH;24;23261;Закрыт;03.09.2026 19:26:10;Анфиса Демьяненко
401492;ZH;10;153329;Закрыт;03.09.2026 19:10:33;Алихан Сайранбеков
401481;ZH;38;15884;Закрыт;03.09.2026 18:48:13;Анфиса Демьяненко
401478;ZH;33;74052;Закрыт;03.09.2026 18:45:59;Валерия Дондаренко
401459;ZH;106;1753;Закрыт;03.09.2026 18:12:46;Рамазан Булат
401458;ZH;202;3610;Закрыт;03.09.2026 18:12:33;Бар Бар new
401451;ZH;110;18544;Закрыт;03.09.2026 18:00:03;Рамазан Булат
401450;ZH;109;7564;Закрыт;03.09.2026 17:59:29;Рамазан Булат
401413;ZH;27;18641;Закрыт;03.09.2026 16:20:43;Алексей Доронин
401412;ZH;101;6580;Закрыт;03.09.2026 16:15:26;Рамазан Булат
401409;ZH;21;27977;Закрыт;03.09.2026 16:02:51;Марьям Валиева
401407;ZH;29;14260;Закрыт;03.09.2026 15:57:46;Анфиса Демьяненко
401406;ZH;7;7687;Закрыт;03.09.2026 15:56:35;Анфиса Демьяненко
401380;ZH;17;37671;Закрыт;03.09.2026 14:36:05;Марьям Валиева
401357;ZH;6;3850;Закрыт;03.09.2026 13:53:59;Марьям Валиева
401182;ZH;5;9324;Закрыт;02.09.2026 23:46:21;Гульназ Оразтай
401178;ZH;15;96292;Закрыт;02.09.2026 23:40:37;Алексей Доронин
401138;ZH;41;44348;Закрыт;02.09.2026 22:55:22;Алдияр Елубаев
401130;ZH;38;14150;Закрыт;02.09.2026 22:46:30;Алихан Сайранбеков
401120;ZH;23;48851;Закрыт;02.09.2026 22:37:34;Кир Вагнер
401105;ZH;16;12390;Закрыт;02.09.2026 22:23:01;Алексей Доронин
401073;ZH;3;13044;Закрыт;02.09.2026 21:54:14;Валерия Дондаренко
401072;ZH;17;67914;Закрыт;02.09.2026 21:52:12;Валерия Дондаренко
401066;ZH;27;16260;Закрыт;02.09.2026 21:47:50;Аружан Райкул
401063;ZH;14;65855;Закрыт;02.09.2026 21:42:14;Алексей Доронин
401057;ZH;47;122467;Закрыт;02.09.2026 21:36:15;Алдияр Елубаев
401054;ZH;39;12720;Закрыт;02.09.2026 21:34:17;Алихан Сайранбеков
401036;ZH;24;0;Закрыт;02.09.2026 21:10:44;Аружан Райкул
401030;ZH;5;29517;Закрыт;02.09.2026 21:01:53;Гульназ Оразтай
401018;ZH;19;38401;Закрыт;02.09.2026 20:47:33;Кир Вагнер
401017;ZH;841;48081;Закрыт;02.09.2026 20:47:19;Раимбек Амирбек
401007;ZH;32;111142;Закрыт;02.09.2026 20:40:28;Гульназ Оразтай
401006;ZH;31;39288;Закрыт;02.09.2026 20:36:07;Валерия Дондаренко
401004;ZH;840;6250;Закрыт;02.09.2026 20:34:44;Алдияр Елубаев
400989;ZH;25;62608;Закрыт;02.09.2026 20:19:28;Аружан Райкул
400962;ZH;21;6917;Закрыт;02.09.2026 19:33:49;Кир Вагнер
400961;ZH;1;50767;Закрыт;02.09.2026 19:33:41;Раимбек Амирбек
400959;ZH;43;41021;Закрыт;02.09.2026 19:28:26;Алдияр Елубаев
400951;ZH;22;46367;Закрыт;02.09.2026 19:13:32;Кир Вагнер
400947;ZH;104;3507;Закрыт;02.09.2026 19:09:39;Валерия Дондаренко
400934;ZH;10;96998;Закрыт;02.09.2026 18:41:26;Раимбек Амирбек
400716;ZH;827;23357;Закрыт;02.09.2026 01:24:07;Алихан Сайранбеков
400698;ZH;7;25912;Закрыт;02.09.2026 01:10:30;Кир Вагнер
400635;ZH;21;0;Закрыт;02.09.2026 00:09:19;Алихан Сайранбеков
400630;ZH;829;11420;Закрыт;02.09.2026 00:07:05;Алихан Сайранбеков
400580;ZH;45;39651;Закрыт;01.09.2026 23:17:52;Елжан Ахмеш
400565;ZH;29;22847;Закрыт;01.09.2026 23:00:49;Алихан Сайранбеков
400551;ZH;835;4950;Закрыт;01.09.2026 22:52:05;Кир Вагнер
400542;ZH;5;11873;Закрыт;01.09.2026 22:43:08;Кир Вагнер
400508;ZH;15;53915;Закрыт;01.09.2026 22:23:36;Алдияр Елубаев
400479;ZH;4;22724;Закрыт;01.09.2026 22:10:32;Аружан Райкул
400478;ZH;204;1155;Закрыт;01.09.2026 22:09:20;Бар Бар new
400466;ZH;841;2090;Закрыт;01.09.2026 21:59:33;Алан Камбалин
400442;ZH;47;194269;Закрыт;01.09.2026 21:41:41;Елжан Ахмеш
400436;ZH;827;75821;Закрыт;01.09.2026 21:40:10;Алихан Сайранбеков
400432;ZH;834;1045;Закрыт;01.09.2026 21:37:49;Алан Камбалин
400411;ZH;828;14951;Закрыт;01.09.2026 21:21:56;Алихан Сайранбеков
400410;ZH;845;0;Закрыт;01.09.2026 21:20:56;Алдияр Елубаев
400407;ZH;31;33482;Закрыт;01.09.2026 21:20:02;Алихан Сайранбеков
400388;ZH;26;31660;Закрыт;01.09.2026 21:11:59;Алан Камбалин
400379;ZH;41;1753;Закрыт;01.09.2026 21:09:31;Елжан Ахмеш
400378;ZH;34;36942;Закрыт;01.09.2026 21:09:12;Алан Камбалин
400373;ZH;6;14298;Закрыт;01.09.2026 21:04:08;Кир Вагнер
400367;ZH;829;36124;Закрыт;01.09.2026 21:01:47;Алихан Сайранбеков
400346;ZH;30;68691;Закрыт;01.09.2026 20:49:09;Кир Вагнер
400328;ZH;12;79253;Закрыт;01.09.2026 20:38:26;Алдияр Елубаев
400292;ZH;45;26781;Закрыт;01.09.2026 20:21:42;Елжан Ахмеш
400291;ZH;20;63472;Закрыт;01.09.2026 20:19:02;Кир Вагнер
400285;ZH;2;34410;Закрыт;01.09.2026 20:16:34;Аружан Райкул
400278;ZH;28;32349;Закрыт;01.09.2026 20:13:02;Алихан Сайранбеков
400266;ZH;22;187353;Закрыт;01.09.2026 20:02:59;Алихан Сайранбеков
400259;ZH;14;95801;Закрыт;01.09.2026 19:57:54;Алдияр Елубаев
400246;ZH;3;23274;Закрыт;01.09.2026 19:49:31;Аружан Райкул
400238;ZH;25;127395;Закрыт;01.09.2026 19:44:55;Алан Камбалин
400236;ZH;40;7040;Закрыт;01.09.2026 19:43:35;Алан Камбалин
400231;ZH;10;227806;Закрыт;01.09.2026 19:39:55;Аружан Райкул
400228;ZH;38;24875;Закрыт;01.09.2026 19:38:21;Алан Камбалин
400222;ZH;32;169367;Закрыт;01.09.2026 19:29:41;Кир Вагнер
400219;ZH;39;34232;Закрыт;01.09.2026 19:26:24;Алан Камбалин
400214;ZH;214;3403;Закрыт;01.09.2026 19:20:52;Бар Бар new
400213;ZH;18;30884;Закрыт;01.09.2026 19:19:27;Алдияр Елубаев
400208;ZH;202;4118;Закрыт;01.09.2026 19:12:54;Бар Бар new
400207;ZH;16;21124;Закрыт;01.09.2026 19:12:22;Кир Вагнер
400203;ZH;17;56390;Закрыт;01.09.2026 19:08:05;Алдияр Елубаев
400192;ZH;46;21707;Закрыт;01.09.2026 18:49:18;Кир Вагнер
400188;ZH;833;6690;Закрыт;01.09.2026 18:47:17;Алан Камбалин
400186;ZH;19;53420;Закрыт;01.09.2026 18:45:42;Алдияр Елубаев
400184;ZH;827;3733;Закрыт;01.09.2026 18:44:03;Алан Камбалин
400168;ZH;5;15063;Закрыт;01.09.2026 18:32:51;Алан Камбалин
400156;ZH;7;8842;Закрыт;01.09.2026 18:23:45;Кир Вагнер
400050;ZH;201;10494;Закрыт;01.09.2026 14:45:13;Бар Бар new
400035;ZH;17;28140;Закрыт;01.09.2026 14:14:33;Алан Камбалин
400031;ZH;38;17230;Закрыт;01.09.2026 14:10:27;Анфиса Демьяненко
399825;ZH;10;124465;Закрыт;31.08.2026 22:43:17;Елжан Ахмеш
399823;ZH;17;296905;Закрыт;31.08.2026 22:42:42;Анфиса Демьяненко
399822;ZH;21;24864;Закрыт;31.08.2026 22:41:23;Рамазан Булат
399793;ZH;40;18097;Закрыт;31.08.2026 22:06:24;Алихан Сайранбеков
399781;ZH;41;13820;Закрыт;31.08.2026 21:53:10;Кир Вагнер
399770;ZH;30;36934;Закрыт;31.08.2026 21:36:58;Рамазан Булат
399722;ZH;4;14927;Закрыт;31.08.2026 20:49:22;Елжан Ахмеш
399717;ZH;44;19204;Закрыт;31.08.2026 20:42:30;Алихан Сайранбеков
399712;ZH;2;120199;Закрыт;31.08.2026 20:37:49;Елжан Ахмеш
399708;ZH;41;28230;Закрыт;31.08.2026 20:33:57;Алихан Сайранбеков
399665;ZH;42;12080;Закрыт;31.08.2026 19:46:05;Алихан Сайранбеков
399646;ZH;6;5707;Закрыт;31.08.2026 19:19:15;Рамазан Булат
399627;ZH;14;67041;Закрыт;31.08.2026 18:59:54;Анфиса Демьяненко
399625;ZH;40;12300;Закрыт;31.08.2026 18:55:35;Алихан Сайранбеков
399610;ZH;32;104432;Закрыт;31.08.2026 18:39:36;Гульназ Оразтай
399512;ZH;201;4710;Закрыт;31.08.2026 15:33:45;Бар Бар new
399300;ZH;106;16647;Закрыт;30.08.2026 23:42:06;Гульназ Оразтай
399272;ZH;41;15574;Закрыт;30.08.2026 22:58:36;Алексей Доронин
399234;ZH;8;42071;Закрыт;30.08.2026 22:11:09;Алан Камбалин
399229;ZH;107;5474;Закрыт;30.08.2026 22:06:31;Гульназ Оразтай
399227;ZH;108;12280;Закрыт;30.08.2026 22:04:24;Гульназ Оразтай
399218;ZH;43;763;Закрыт;30.08.2026 21:55:48;Алексей Доронин
399217;ZH;107;0;Отменен;30.08.2026 21:55:46;Гульназ Оразтай
399097;ZH;20;47221;Закрыт;30.08.2026 19:39:52;Кир Вагнер
399096;ZH;46;34100;Закрыт;30.08.2026 19:39:50;Алексей Доронин
399087;ZH;13;75277;Закрыт;30.08.2026 19:28:52;Кир Вагнер
399076;ZH;22;86359;Закрыт;30.08.2026 19:16:07;Санжар Тельман
399074;ZH;5;34377;Закрыт;30.08.2026 19:14:29;Алан Камбалин
399072;ZH;829;30624;Закрыт;30.08.2026 19:09:34;Санжар Тельман
399060;ZH;6;2187;Закрыт;30.08.2026 18:45:36;Алан Камбалин
399051;ZH;24;72261;Закрыт;30.08.2026 18:33:14;Алексей Доронин
399047;ZH;45;58194;Закрыт;30.08.2026 18:27:55;Алексей Доронин
399046;ZH;840;0;Закрыт;30.08.2026 18:26:47;Алан Камбалин
399024;ZH;14;73082;Закрыт;30.08.2026 17:46:40;Кир Вагнер
398973;ZH;202;3397;Закрыт;30.08.2026 16:04:51;Бар Бар new
398960;ZH;107;23432;Закрыт;30.08.2026 15:43:27;Гульназ Оразтай
398927;ZH;20;21721;Закрыт;30.08.2026 14:34:05;Кир Вагнер
398916;ZH;201;31031;Закрыт;30.08.2026 14:18:12;Бар Бар new
398902;ZH;7;4387;Закрыт;30.08.2026 13:40:06;Алан Камбалин
398900;ZH;10;186111;Закрыт;30.08.2026 13:21:45;Алан Камбалин
398898;ZH;43;10844;Закрыт;30.08.2026 13:15:40;Алексей Доронин
398790;ZH;28;39074;Закрыт;30.08.2026 00:57:11;Рамазан Булат
398771;ZH;829;28017;Закрыт;30.08.2026 00:45:35;Рамазан Булат
398752;ZH;213;15800;Закрыт;30.08.2026 00:33:31;Бар Бар new
398726;ZH;13;29931;Закрыт;30.08.2026 00:16:14;Аружан Райкул
398724;ZH;212;7680;Закрыт;30.08.2026 00:13:58;Бар Бар new
398723;ZH;7;7018;Закрыт;30.08.2026 00:13:52;Раимбек Амирбек
398622;ZH;48;42911;Закрыт;29.08.2026 23:05:48;Санжар Тельман
398573;ZH;3;11517;Закрыт;29.08.2026 22:44:51;Алдияр Елубаев
398571;ZH;103;9757;Закрыт;29.08.2026 22:44:10;Кир Вагнер
398568;ZH;20;31711;Закрыт;29.08.2026 22:40:05;Алексей Доронин
398552;ZH;16;70151;Закрыт;29.08.2026 22:28:35;Аружан Райкул
398540;ZH;849;31244;Закрыт;29.08.2026 22:17:59;Алан Камбалин
398522;ZH;44;25571;Закрыт;29.08.2026 22:07:32;Даулет Нургисаулы
398514;ZH;29;31064;Закрыт;29.08.2026 22:02:32;Алексей Доронин
398513;ZH;828;26327;Закрыт;29.08.2026 22:02:14;Рамазан Булат
398482;ZH;215;16040;Закрыт;29.08.2026 21:50:36;Бар Бар new
398478;ZH;27;35314;Закрыт;29.08.2026 21:48:48;Алан Камбалин
398468;ZH;12;61906;Закрыт;29.08.2026 21:45:53;Аружан Райкул
398463;ZH;35;18330;Закрыт;29.08.2026 21:42:24;Раимбек Амирбек
398426;ZH;40;32087;Закрыт;29.08.2026 21:27:48;Санжар Тельман
398425;ZH;32;166360;Закрыт;29.08.2026 21:27:20;Алан Камбалин
398408;ZH;833;55937;Закрыт;29.08.2026 21:16:00;Санжар Тельман
398383;ZH;829;28987;Закрыт;29.08.2026 21:02:08;Рамазан Булат
398368;ZH;214;25221;Закрыт;29.08.2026 20:56:08;Бар Бар new
398366;ZH;31;44319;Закрыт;29.08.2026 20:55:58;Алексей Доронин
398364;ZH;4;173614;Закрыт;29.08.2026 20:55:19;Алдияр Елубаев
398358;ZH;104;27104;Закрыт;29.08.2026 20:52:04;Кир Вагнер
398354;ZH;1;139803;Закрыт;29.08.2026 20:49:34;Алдияр Елубаев
398338;ZH;107;13510;Закрыт;29.08.2026 20:42:39;Кир Вагнер
398337;ZH;25;195969;Закрыт;29.08.2026 20:42:29;Алан Камбалин
398317;ZH;102;19010;Закрыт;29.08.2026 20:30:43;Кир Вагнер
398311;ZH;109;7454;Закрыт;29.08.2026 20:27:14;Кир Вагнер
398296;ZH;106;18447;Закрыт;29.08.2026 20:11:04;Кир Вагнер
398250;ZH;101;3947;Закрыт;29.08.2026 19:31:49;Кир Вагнер
398241;ZH;837;9197;Закрыт;29.08.2026 19:24:14;Кир Вагнер
398234;ZH;42;77519;Закрыт;29.08.2026 19:19:02;Алексей Доронин
398224;ZH;19;58175;Закрыт;29.08.2026 19:10:25;Рамазан Булат
398222;ZH;21;41391;Закрыт;29.08.2026 19:09:44;Алексей Доронин
398216;ZH;110;7907;Закрыт;29.08.2026 19:01:55;Кир Вагнер
398201;ZH;103;4210;Закрыт;29.08.2026 18:48:50;Кир Вагнер
398176;ZH;14;155478;Закрыт;29.08.2026 18:15:12;Аружан Райкул
398154;ZH;104;5900;Закрыт;29.08.2026 17:45:55;Кир Вагнер
398149;ZH;2;24275;Закрыт;29.08.2026 17:38:07;Алексей Доронин
398144;ZH;5;31297;Закрыт;29.08.2026 17:31:45;Раимбек Амирбек
398142;ZH;21;35594;Закрыт;29.08.2026 17:19:35;Аружан Райкул
398141;ZH;108;26081;Закрыт;29.08.2026 17:18:40;Кир Вагнер
398123;ZH;101;30921;Закрыт;29.08.2026 16:47:12;Кир Вагнер
398121;ZH;101;0;Отменен;29.08.2026 16:46:46;Кир Вагнер
398061;ZH;29;33002;Закрыт;29.08.2026 14:58:28;Алексей Доронин
397926;ZH;40;1527;Закрыт;29.08.2026 01:04:06;Кир Вагнер
397916;ZH;849;0;Закрыт;29.08.2026 00:59:08;Алдияр Елубаев
397913;ZH;828;27331;Закрыт;29.08.2026 00:53:28;Алексей Доронин
397897;ZH;39;41210;Закрыт;29.08.2026 00:45:48;Кир Вагнер
397892;ZH;40;2187;Закрыт;29.08.2026 00:41:55;Кир Вагнер
397875;ZH;41;10974;Закрыт;29.08.2026 00:30:26;Кир Вагнер
397862;ZH;46;29407;Закрыт;29.08.2026 00:20:55;Кир Вагнер
397858;ZH;14;100725;Закрыт;29.08.2026 00:14:38;Алдияр Елубаев
397850;ZH;213;6024;Закрыт;29.08.2026 00:03:20;Бар Бар new
397833;ZH;41;16460;Закрыт;28.08.2026 23:45:44;Кир Вагнер
397823;ZH;214;6593;Закрыт;28.08.2026 23:38:30;Бар Бар new
397806;ZH;41;8004;Закрыт;28.08.2026 23:28:43;Кир Вагнер
397753;ZH;12;36034;Закрыт;28.08.2026 22:57:52;Алдияр Елубаев
397740;ZH;24;352598;Закрыт;28.08.2026 22:48:04;Алексей Доронин
397730;ZH;19;36040;Закрыт;28.08.2026 22:41:40;Раимбек Амирбек
397726;ZH;40;8351;Закрыт;28.08.2026 22:38:52;Кир Вагнер
397722;ZH;860;935;Закрыт;28.08.2026 22:34:57;Гульназ Оразтай
397693;ZH;41;1643;Закрыт;28.08.2026 22:19:34;Кир Вагнер
397679;ZH;827;7784;Закрыт;28.08.2026 22:13:04;Алексей Доронин
397670;ZH;30;53451;Закрыт;28.08.2026 22:07:05;Алихан Сайранбеков
397656;ZH;45;31904;Закрыт;28.08.2026 21:58:17;Кир Вагнер
397637;ZH;203;43505;Закрыт;28.08.2026 21:49:59;Бар Бар new
397622;ZH;20;20194;Закрыт;28.08.2026 21:40:48;Алихан Сайранбеков
397619;ZH;107;38064;Закрыт;28.08.2026 21:40:03;Алан Камбалин
397617;ZH;828;78914;Закрыт;28.08.2026 21:39:12;Алексей Доронин
397607;ZH;27;25557;Закрыт;28.08.2026 21:35:47;Алексей Доронин
397601;ZH;40;383174;Закрыт;28.08.2026 21:34:15;Кир Вагнер
397597;ZH;13;44788;Закрыт;28.08.2026 21:33:12;Алдияр Елубаев
397587;ZH;5;25467;Закрыт;28.08.2026 21:27:49;Аружан Райкул
397581;ZH;7;22310;Закрыт;28.08.2026 21:26:03;Аружан Райкул
397574;ZH;206;14267;Закрыт;28.08.2026 21:23:02;Бар Бар new
397573;ZH;23;27764;Закрыт;28.08.2026 21:22:43;Алексей Доронин
397572;ZH;31;19540;Закрыт;28.08.2026 21:22:37;Алихан Сайранбеков
397563;ZH;32;77812;Закрыт;28.08.2026 21:16:09;Гульназ Оразтай
397537;ZH;109;64550;Закрыт;28.08.2026 21:03:17;Алан Камбалин
397510;ZH;17;91344;Закрыт;28.08.2026 20:50:37;Аружан Райкул
397492;ZH;39;38984;Закрыт;28.08.2026 20:39:01;Кир Вагнер
397485;ZH;101;20537;Закрыт;28.08.2026 20:34:55;Алан Камбалин
397482;ZH;38;17120;Закрыт;28.08.2026 20:33:22;Рамазан Булат
397476;ZH;18;31141;Закрыт;28.08.2026 20:29:35;Алихан Сайранбеков
397466;ZH;10;152159;Закрыт;28.08.2026 20:26:06;Алдияр Елубаев
397464;ZH;201;17437;Закрыт;28.08.2026 20:24:18;Бар Бар new
397463;ZH;832;15244;Закрыт;28.08.2026 20:23:44;Аружан Райкул
397450;ZH;3;70475;Закрыт;28.08.2026 20:16:31;Раимбек Амирбек
397445;ZH;16;28464;Закрыт;28.08.2026 20:15:00;Аружан Райкул
397437;ZH;840;74639;Закрыт;28.08.2026 20:11:20;Алдияр Елубаев
397435;ZH;1;52171;Закрыт;28.08.2026 20:11:09;Раимбек Амирбек
397421;ZH;107;20064;Закрыт;28.08.2026 20:01:22;Алан Камбалин
397413;ZH;33;39268;Закрыт;28.08.2026 19:57:12;Гульназ Оразтай
397410;ZH;103;18187;Закрыт;28.08.2026 19:54:50;Алан Камбалин
397385;ZH;48;71221;Закрыт;28.08.2026 19:40:10;Рамазан Булат
397379;ZH;37;3953;Закрыт;28.08.2026 19:34:17;Рамазан Булат
397374;ZH;26;77955;Закрыт;28.08.2026 19:27:23;Рамазан Булат
397367;ZH;109;3953;Закрыт;28.08.2026 19:23:45;Алан Камбалин
397356;ZH;102;39494;Закрыт;28.08.2026 19:18:36;Алан Камбалин
397349;ZH;47;90948;Закрыт;28.08.2026 19:11:01;Рамазан Булат
397340;ZH;21;59844;Закрыт;28.08.2026 19:02:59;Алихан Сайранбеков
397316;ZH;6;63668;Закрыт;28.08.2026 18:33:49;Аружан Райкул
397293;ZH;8;96034;Закрыт;28.08.2026 17:58:16;Раимбек Амирбек
397286;ZH;2;62445;Закрыт;28.08.2026 17:50:38;Раимбек Амирбек
397271;ZH;827;25901;Закрыт;28.08.2026 17:22:37;Алексей Доронин
397270;ZH;27;35924;Закрыт;28.08.2026 17:19:02;Кир Вагнер
397269;ZH;104;44134;Закрыт;28.08.2026 17:17:59;Алан Камбалин
397249;ZH;5;23500;Закрыт;28.08.2026 16:35:13;Алексей Доронин
397240;ZH;23;4827;Закрыт;28.08.2026 16:11:59;Алексей Доронин
397062;ZH;31;6574;Закрыт;28.08.2026 01:03:26;Анфиса Демьяненко
397002;ZH;828;19760;Закрыт;28.08.2026 00:05:19;Кир Вагнер
397001;ZH;24;9002;Закрыт;28.08.2026 00:04:19;Бану Нурмаханова
396901;ZH;22;25687;Закрыт;27.08.2026 22:33:10;Кир Вагнер
396864;ZH;41;33697;Закрыт;27.08.2026 22:00:32;Гульназ Оразтай
396863;ZH;4;38658;Закрыт;27.08.2026 22:00:29;Алихан Сайранбеков
396850;ZH;827;28294;Закрыт;27.08.2026 21:49:14;Бану Нурмаханова
396815;ZH;16;16260;Закрыт;27.08.2026 21:27:55;Бану Нурмаханова
396799;ZH;32;21710;Закрыт;27.08.2026 21:10:17;Кир Вагнер
396787;ZH;103;14577;Закрыт;27.08.2026 21:03:54;Санжар Тельман
396786;ZH;20;22653;Закрыт;27.08.2026 21:03:36;Анфиса Демьяненко
396784;ZH;102;32754;Закрыт;27.08.2026 21:03:31;Санжар Тельман
396765;ZH;101;135890;Закрыт;27.08.2026 20:48:20;Санжар Тельман
396703;ZH;11;14351;Закрыт;27.08.2026 20:11:59;Аружан Райкул
396685;ZH;5;38861;Закрыт;27.08.2026 19:56:43;Алихан Сайранбеков
396669;ZH;2;60854;Закрыт;27.08.2026 19:43:48;Алихан Сайранбеков
396668;ZH;202;6464;Закрыт;27.08.2026 19:43:42;Бар Бар new
396664;ZH;215;6470;Закрыт;27.08.2026 19:41:15;Бар Бар new
396652;ZH;3;11524;Закрыт;27.08.2026 19:29:21;Алихан Сайранбеков
396617;ZH;214;46499;Закрыт;27.08.2026 18:42:05;Бар Бар new
396616;ZH;42;6153;Закрыт;27.08.2026 18:41:24;Гульназ Оразтай
396613;ZH;10;273764;Закрыт;27.08.2026 18:40:01;Аружан Райкул
396610;ZH;108;25551;Закрыт;27.08.2026 18:36:57;Санжар Тельман
396570;ZH;43;24477;Закрыт;27.08.2026 17:38:13;Гульназ Оразтай
396563;ZH;38;11084;Закрыт;27.08.2026 17:18:35;Бану Нурмаханова
396550;ZH;7;13717;Закрыт;27.08.2026 16:59:39;Алихан Сайранбеков
396532;ZH;101;24814;Закрыт;27.08.2026 16:14:03;Кир Вагнер
396511;ZH;836;0;Закрыт;27.08.2026 15:10:54;Алихан Сайранбеков
396509;ZH;6;23074;Закрыт;27.08.2026 15:05:45;Алихан Сайранбеков
396508;ZH;101;20077;Закрыт;27.08.2026 15:03:56;Кир Вагнер
396303;ZH;109;13490;Закрыт;27.08.2026 00:18:54;Санжар Тельман
396277;ZH;102;8364;Закрыт;26.08.2026 23:56:37;Санжар Тельман
396251;ZH;204;1747;Закрыт;26.08.2026 23:26:25;Бар Бар new
396230;ZH;829;12507;Закрыт;26.08.2026 23:03:05;Кир Вагнер
396202;ZH;828;25384;Закрыт;26.08.2026 22:46:37;Валерия Дондаренко
396199;ZH;10;71997;Закрыт;26.08.2026 22:45:52;Алексей Доронин
396196;ZH;31;40007;Закрыт;26.08.2026 22:44:11;Гульназ Оразтай
396192;ZH;14;43184;Закрыт;26.08.2026 22:41:35;Рамазан Булат
396157;ZH;21;12740;Закрыт;26.08.2026 22:09:58;Кир Вагнер
396153;ZH;17;35431;Закрыт;26.08.2026 22:08:20;Гульназ Оразтай
396118;ZH;42;31654;Закрыт;26.08.2026 21:46:21;Бану Нурмаханова
396079;ZH;26;41364;Закрыт;26.08.2026 21:12:41;Рамазан Булат
396070;ZH;34;83967;Закрыт;26.08.2026 21:06:11;Рамазан Булат
396069;ZH;102;12294;Закрыт;26.08.2026 21:05:12;Санжар Тельман
396068;ZH;101;8870;Закрыт;26.08.2026 21:04:04;Санжар Тельман
396062;ZH;23;57567;Закрыт;26.08.2026 20:51:34;Алексей Доронин
396057;ZH;102;12397;Закрыт;26.08.2026 20:44:57;Санжар Тельман
396042;ZH;16;62658;Закрыт;26.08.2026 20:27:40;Рамазан Булат
396040;ZH;39;20387;Закрыт;26.08.2026 20:26:57;Алексей Доронин
396037;ZH;47;221389;Закрыт;26.08.2026 20:23:20;Бану Нурмаханова
396034;ZH;3;17334;Закрыт;26.08.2026 20:21:53;Кир Вагнер
396030;ZH;20;22504;Закрыт;26.08.2026 20:15:26;Кир Вагнер
396028;ZH;32;290376;Закрыт;26.08.2026 20:13:23;Валерия Дондаренко
396002;ZH;40;23907;Закрыт;26.08.2026 19:49:01;Алексей Доронин
395976;ZH;18;66257;Закрыт;26.08.2026 19:22:31;Валерия Дондаренко
395968;ZH;45;44840;Закрыт;26.08.2026 19:08:50;Алексей Доронин
395949;ZH;103;5500;Закрыт;26.08.2026 18:47:17;Раимбек Амирбек
395907;ZH;20;24911;Закрыт;26.08.2026 17:43:44;Кир Вагнер
395900;ZH;24;42845;Закрыт;26.08.2026 17:30:12;Валерия Дондаренко
395872;ZH;106;40297;Закрыт;26.08.2026 15:57:40;Раимбек Амирбек
395860;ZH;101;10974;Закрыт;26.08.2026 15:14:40;Раимбек Амирбек
395829;ZH;7;5920;Закрыт;26.08.2026 14:10:16;Алексей Доронин
395664;ZH;38;11792;Закрыт;26.08.2026 00:46:04;Аружан Райкул
395626;ZH;26;42777;Закрыт;26.08.2026 00:17:16;Аружан Райкул
395621;ZH;21;64957;Закрыт;26.08.2026 00:15:03;Гульназ Оразтай
395606;ZH;104;8283;Закрыт;26.08.2026 00:08:00;Валерия Дондаренко
395603;ZH;29;1650;Закрыт;26.08.2026 00:06:31;Бану Нурмаханова
395588;ZH;28;1918;Закрыт;25.08.2026 23:51:28;Бану Нурмаханова
395586;ZH;10;110609;Закрыт;25.08.2026 23:49:02;Алексей Доронин
395551;ZH;17;27997;Закрыт;25.08.2026 23:28:00;Алихан Сайранбеков
395545;ZH;28;15244;Закрыт;25.08.2026 23:21:56;Бану Нурмаханова
395491;ZH;31;39140;Закрыт;25.08.2026 22:34:11;Гульназ Оразтай
395474;ZH;29;4950;Закрыт;25.08.2026 22:26:41;Бану Нурмаханова
395470;ZH;41;12080;Закрыт;25.08.2026 22:25:02;Алан Камбалин
395460;ZH;32;17952;Закрыт;25.08.2026 22:17:55;Алдияр Елубаев
395430;ZH;42;7687;Закрыт;25.08.2026 21:58:54;Алан Камбалин
395420;ZH;16;25590;Закрыт;25.08.2026 21:51:29;Алексей Доронин
395387;ZH;33;14073;Закрыт;25.08.2026 21:36:06;Алдияр Елубаев
395361;ZH;27;12698;Закрыт;25.08.2026 21:21:27;Алдияр Елубаев
395346;ZH;101;5768;Закрыт;25.08.2026 21:13:36;Валерия Дондаренко
395328;ZH;5;13358;Закрыт;25.08.2026 21:00:58;Алихан Сайранбеков
395327;ZH;4;23522;Закрыт;25.08.2026 21:00:40;Алексей Доронин
395321;ZH;24;16603;Закрыт;25.08.2026 20:58:37;Алдияр Елубаев
395310;ZH;14;77436;Закрыт;25.08.2026 20:51:07;Алексей Доронин
395295;ZH;21;24429;Закрыт;25.08.2026 20:37:36;Гульназ Оразтай
395290;ZH;101;20317;Закрыт;25.08.2026 20:33:54;Рамазан Булат
395283;ZH;40;43580;Закрыт;25.08.2026 20:31:28;Аружан Райкул
395239;ZH;6;22759;Закрыт;25.08.2026 20:09:01;Алихан Сайранбеков
395226;ZH;1;0;Закрыт;25.08.2026 20:01:56;Алексей Доронин
395213;ZH;839;0;Отменен;25.08.2026 19:54:09;Алдияр Елубаев
395212;ZH;834;5768;Закрыт;25.08.2026 19:53:09;Аружан Райкул
395195;ZH;2;157931;Закрыт;25.08.2026 19:39:44;Алексей Доронин
395190;ZH;104;19334;Закрыт;25.08.2026 19:37:30;Рамазан Булат
395106;ZH;22;32947;Закрыт;25.08.2026 18:36:28;Бану Нурмаханова
395102;ZH;7;33796;Закрыт;25.08.2026 18:34:16;Алихан Сайранбеков
395101;ZH;107;19149;Закрыт;25.08.2026 18:33:31;Рамазан Булат
395084;ZH;202;13532;Закрыт;25.08.2026 18:15:49;Бар Бар new
395076;ZH;27;35464;Закрыт;25.08.2026 18:09:17;Алдияр Елубаев
395074;ZH;32;52193;Закрыт;25.08.2026 18:08:02;Алдияр Елубаев
395070;ZH;109;14513;Закрыт;25.08.2026 18:05:07;Рамазан Булат
395058;ZH;4;825;Закрыт;25.08.2026 17:44:00;Алексей Доронин
395025;ZH;39;5218;Закрыт;25.08.2026 16:57:06;Бар Бар new
395012;ZH;106;770;Закрыт;25.08.2026 16:11:35;Рамазан Булат
395005;ZH;109;10155;Закрыт;25.08.2026 15:58:06;Рамазан Булат
394992;ZH;21;8890;Закрыт;25.08.2026 15:18:43;Гульназ Оразтай
394988;ZH;33;4442;Закрыт;25.08.2026 15:11:58;Алексей Доронин
394967;ZH;4;9709;Закрыт;25.08.2026 14:44:28;Алексей Доронин
394964;ZH;101;1925;Закрыт;25.08.2026 14:31:42;Рамазан Булат
394802;ZH;201;4160;Закрыт;25.08.2026 00:06:53;Бар Бар new
394794;ZH;2;44517;Закрыт;24.08.2026 23:59:22;Санжар Тельман
394767;ZH;17;97381;Закрыт;24.08.2026 23:27:34;Бану Нурмаханова
394745;ZH;19;10960;Закрыт;24.08.2026 22:59:57;Бану Нурмаханова
394727;ZH;38;34034;Закрыт;24.08.2026 22:41:35;Валерия Дондаренко
394665;ZH;31;23714;Закрыт;24.08.2026 21:43:32;Бану Нурмаханова
394663;ZH;827;33497;Закрыт;24.08.2026 21:41:50;Гульназ Оразтай
394647;ZH;6;27221;Закрыт;24.08.2026 21:24:06;Бану Нурмаханова
394643;ZH;22;50941;Закрыт;24.08.2026 21:16:30;Гульназ Оразтай
394638;ZH;14;36258;Закрыт;24.08.2026 21:11:19;Санжар Тельман
394624;ZH;21;22264;Закрыт;24.08.2026 21:01:40;Гульназ Оразтай
394622;ZH;30;18624;Закрыт;24.08.2026 20:58:41;Валерия Дондаренко
394607;ZH;27;37398;Закрыт;24.08.2026 20:45:32;Гульназ Оразтай
394605;ZH;203;3610;Закрыт;24.08.2026 20:43:09;Бар Бар new
394604;ZH;201;18757;Закрыт;24.08.2026 20:42:47;Бар Бар new
394595;ZH;20;27551;Закрыт;24.08.2026 20:22:21;Гульназ Оразтай
394594;ZH;4;89285;Закрыт;24.08.2026 20:16:51;Санжар Тельман
394591;ZH;26;24354;Закрыт;24.08.2026 20:14:03;Валерия Дондаренко
394586;ZH;24;4943;Закрыт;24.08.2026 20:08:56;Валерия Дондаренко
394569;ZH;18;5150;Закрыт;24.08.2026 19:56:17;Бану Нурмаханова
394566;ZH;46;47738;Закрыт;24.08.2026 19:53:25;Валерия Дондаренко
394556;ZH;38;3507;Закрыт;24.08.2026 19:40:04;Валерия Дондаренко
394539;ZH;20;11297;Закрыт;24.08.2026 19:19:22;Гульназ Оразтай
394511;ZH;34;58381;Закрыт;24.08.2026 18:36:08;Валерия Дондаренко
394505;ZH;32;179738;Закрыт;24.08.2026 18:32:18;Бану Нурмаханова
394490;ZH;25;25117;Закрыт;24.08.2026 18:01:40;Валерия Дондаренко
394488;ZH;15;44594;Закрыт;24.08.2026 17:59:44;Санжар Тельман
394465;ZH;38;13387;Закрыт;24.08.2026 17:06:30;Валерия Дондаренко
394456;ZH;6;29304;Закрыт;24.08.2026 16:44:22;Бану Нурмаханова
394420;ZH;103;17794;Закрыт;24.08.2026 15:23:21;Алихан Сайранбеков
394412;ZH;836;29476;Закрыт;24.08.2026 15:01:32;Алихан Сайранбеков
394235;ZH;8;79605;Закрыт;24.08.2026 00:34:12;Кир Вагнер
394186;ZH;32;38104;Закрыт;23.08.2026 23:49:47;Санжар Тельман
394169;ZH;10;101935;Закрыт;23.08.2026 23:31:11;Кир Вагнер
394144;ZH;29;50967;Закрыт;23.08.2026 23:08:25;Раимбек Амирбек
394100;ZH;48;45364;Закрыт;23.08.2026 22:30:54;Анфиса Демьяненко
394064;ZH;832;105789;Закрыт;23.08.2026 22:10:23;Анфиса Демьяненко
394039;ZH;201;7234;Закрыт;23.08.2026 21:54:33;Бар Бар new
394032;ZH;34;2083;Закрыт;23.08.2026 21:48:23;Анфиса Демьяненко
394021;ZH;42;0;Отменен;23.08.2026 21:42:21;Анфиса Демьяненко
393996;ZH;106;18667;Закрыт;23.08.2026 21:27:52;Рамазан Булат
393970;ZH;108;14700;Закрыт;23.08.2026 21:09:27;Рамазан Булат
393961;ZH;47;82731;Закрыт;23.08.2026 20:55:21;Анфиса Демьяненко
393924;ZH;27;17897;Закрыт;23.08.2026 20:20:27;Раимбек Амирбек
393897;ZH;101;42621;Закрыт;23.08.2026 19:59:46;Рамазан Булат
393859;ZH;2;66847;Закрыт;23.08.2026 19:20:03;Кир Вагнер
393840;ZH;18;26270;Закрыт;23.08.2026 18:56:37;Санжар Тельман
393834;ZH;4;73064;Закрыт;23.08.2026 18:50:28;Кир Вагнер
393783;ZH;6;16117;Закрыт;23.08.2026 17:22:09;Санжар Тельман
393767;ZH;109;3293;Закрыт;23.08.2026 16:59:18;Рамазан Булат
393735;ZH;43;28734;Закрыт;23.08.2026 16:06:41;Анфиса Демьяненко
393725;ZH;33;21041;Закрыт;23.08.2026 15:50:43;Кир Вагнер
393723;ZH;6;12080;Закрыт;23.08.2026 15:48:49;Кир Вагнер
393683;ZH;108;9660;Закрыт;23.08.2026 14:11:39;Рамазан Булат
393575;ZH;40;24814;Закрыт;23.08.2026 01:12:57;Гульназ Оразтай
393506;ZH;45;27421;Закрыт;23.08.2026 00:16:09;Кир Вагнер
393487;ZH;3;66944;Закрыт;22.08.2026 23:57:01;Валерия Дондаренко
393485;ZH;849;0;Закрыт;22.08.2026 23:56:11;Алихан Сайранбеков
393471;ZH;20;12624;Закрыт;22.08.2026 23:45:29;Рамазан Булат
393460;ZH;16;10204;Закрыт;22.08.2026 23:36:59;Алан Камбалин
393444;ZH;827;6024;Закрыт;22.08.2026 23:25:19;Даулет Нургисаулы
393432;ZH;6;41844;Закрыт;22.08.2026 23:20:04;Раимбек Амирбек
393429;ZH;32;14707;Закрыт;22.08.2026 23:19:04;Гульназ Оразтай
393404;ZH;22;217547;Закрыт;22.08.2026 23:02:04;Даулет Нургисаулы
393395;ZH;29;20284;Закрыт;22.08.2026 22:58:14;Даулет Нургисаулы
393388;ZH;41;125418;Закрыт;22.08.2026 22:56:23;Кир Вагнер
393366;ZH;26;79567;Закрыт;22.08.2026 22:49:34;Алихан Сайранбеков
393364;ZH;34;24664;Закрыт;22.08.2026 22:48:58;Алихан Сайранбеков
393356;ZH;38;19224;Закрыт;22.08.2026 22:43:37;Гульназ Оразтай
393335;ZH;46;14487;Закрыт;22.08.2026 22:36:01;Кир Вагнер
393263;ZH;5;79501;Закрыт;22.08.2026 21:58:54;Раимбек Амирбек
393244;ZH;30;46108;Закрыт;22.08.2026 21:50:29;Рамазан Булат
393238;ZH;17;204037;Закрыт;22.08.2026 21:47:48;Рамазан Булат
393229;ZH;27;26974;Закрыт;22.08.2026 21:43:03;Даулет Нургисаулы
393202;ZH;829;21190;Закрыт;22.08.2026 21:26:59;Даулет Нургисаулы
393198;ZH;101;10410;Закрыт;22.08.2026 21:23:59;Алексей Доронин
393190;ZH;211;2297;Закрыт;22.08.2026 21:20:58;Бар Бар new
393186;ZH;844;0;Закрыт;22.08.2026 21:19:02;Алихан Сайранбеков
393185;ZH;2;0;Закрыт;22.08.2026 21:17:54;Валерия Дондаренко
393183;ZH;1;66891;Закрыт;22.08.2026 21:17:04;Валерия Дондаренко
393175;ZH;844;0;Закрыт;22.08.2026 21:14:04;Алихан Сайранбеков
393163;ZH;28;42051;Закрыт;22.08.2026 21:09:44;Алихан Сайранбеков
393157;ZH;212;10204;Закрыт;22.08.2026 21:08:51;Бар Бар new
393134;ZH;21;27738;Закрыт;22.08.2026 21:01:48;Даулет Нургисаулы
393129;ZH;15;138556;Закрыт;22.08.2026 20:58:22;Алан Камбалин
393116;ZH;14;105105;Закрыт;22.08.2026 20:49:29;Алан Камбалин
393108;ZH;4;58945;Закрыт;22.08.2026 20:43:37;Валерия Дондаренко
393105;ZH;10;201826;Закрыт;22.08.2026 20:42:15;Валерия Дондаренко
393088;ZH;827;26134;Закрыт;22.08.2026 20:28:01;Даулет Нургисаулы
393082;ZH;7;33077;Закрыт;22.08.2026 20:24:42;Раимбек Амирбек
393080;ZH;24;157923;Закрыт;22.08.2026 20:24:15;Алихан Сайранбеков
393063;ZH;37;31614;Закрыт;22.08.2026 20:14:58;Гульназ Оразтай
393042;ZH;201;3788;Закрыт;22.08.2026 20:05:18;Бар Бар new
393031;ZH;833;18757;Закрыт;22.08.2026 19:57:11;Алихан Сайранбеков
393014;ZH;33;59424;Закрыт;22.08.2026 19:41:36;Гульназ Оразтай
393006;ZH;109;3293;Закрыт;22.08.2026 19:33:37;Алексей Доронин
392990;ZH;45;11174;Закрыт;22.08.2026 19:09:22;Кир Вагнер
392976;ZH;832;7900;Закрыт;22.08.2026 18:52:19;Рамазан Булат
392964;ZH;104;56965;Закрыт;22.08.2026 18:45:04;Алексей Доронин
392956;ZH;106;20621;Закрыт;22.08.2026 18:33:21;Алексей Доронин
392951;ZH;35;18330;Закрыт;22.08.2026 18:23:55;Алексей Доронин
392934;ZH;103;17805;Закрыт;22.08.2026 18:01:11;Алексей Доронин
392864;ZH;29;41754;Закрыт;22.08.2026 16:09:54;Рамазан Булат
392860;ZH;201;1753;Закрыт;22.08.2026 16:01:02;Бар Бар new
392836;ZH;6;27582;Закрыт;22.08.2026 15:04:30;Валерия Дондаренко
392729;ZH;3;22491;Закрыт;22.08.2026 01:28:40;Санжар Тельман
392727;ZH;10;443087;Закрыт;22.08.2026 01:21:35;Санжар Тельман
392712;ZH;12;88638;Закрыт;22.08.2026 01:12:32;Кир Вагнер
392623;ZH;2;24257;Закрыт;22.08.2026 00:06:23;Санжар Тельман
392605;ZH;48;43765;Закрыт;21.08.2026 23:59:10;Алексей Доронин
392602;ZH;31;53207;Закрыт;21.08.2026 23:58:13;Раимбек Амирбек
392585;ZH;827;30688;Закрыт;21.08.2026 23:49:46;Алихан Сайранбеков
392557;ZH;45;31744;Закрыт;21.08.2026 23:28:53;Алексей Доронин
392536;ZH;842;4160;Закрыт;21.08.2026 23:16:59;Кир Вагнер
392524;ZH;39;14914;Закрыт;21.08.2026 23:09:05;Даулет Нургисаулы
392520;ZH;14;144544;Закрыт;21.08.2026 23:07:29;Кир Вагнер
392477;ZH;41;22717;Закрыт;21.08.2026 22:49:06;Алексей Доронин
392473;ZH;21;33891;Закрыт;21.08.2026 22:47:03;Рамазан Булат
392461;ZH;24;111421;Закрыт;21.08.2026 22:41:12;Алихан Сайранбеков
392445;ZH;32;39596;Закрыт;21.08.2026 22:34:39;Алихан Сайранбеков
392430;ZH;47;167229;Закрыт;21.08.2026 22:24:15;Алексей Доронин
392425;ZH;840;20304;Закрыт;21.08.2026 22:19:45;Рамазан Булат
392417;ZH;106;11194;Закрыт;21.08.2026 22:14:48;Аружан Райкул
392413;ZH;213;4264;Закрыт;21.08.2026 22:10:23;Бар Бар new
392409;ZH;40;40544;Закрыт;21.08.2026 22:09:52;Алексей Доронин
392401;ZH;829;79801;Закрыт;21.08.2026 22:06:19;Рамазан Булат
392394;ZH;215;1753;Закрыт;21.08.2026 22:02:41;Бар Бар new
392393;ZH;109;39314;Закрыт;21.08.2026 22:02:35;Аружан Райкул
392391;ZH;43;26910;Закрыт;21.08.2026 22:01:14;Алексей Доронин
392387;ZH;34;43921;Закрыт;21.08.2026 22:00:27;Даулет Нургисаулы
392373;ZH;6;40293;Закрыт;21.08.2026 21:53:23;Гульназ Оразтай
392369;ZH;33;66075;Закрыт;21.08.2026 21:49:08;Даулет Нургисаулы
392345;ZH;17;127118;Закрыт;21.08.2026 21:37:25;Раимбек Амирбек
392310;ZH;202;16553;Закрыт;21.08.2026 21:21:34;Бар Бар new
392294;ZH;47;0;Закрыт;21.08.2026 21:10:09;Алексей Доронин
392284;ZH;19;56274;Закрыт;21.08.2026 21:04:11;Раимбек Амирбек
392251;ZH;204;17754;Закрыт;21.08.2026 20:48:36;Бар Бар new
392248;ZH;108;20511;Закрыт;21.08.2026 20:47:16;Бар Бар new
392237;ZH;31;22154;Закрыт;21.08.2026 20:42:46;Раимбек Амирбек
392235;ZH;38;48767;Закрыт;21.08.2026 20:40:26;Даулет Нургисаулы
392221;ZH;105;24680;Закрыт;21.08.2026 20:29:42;Аружан Райкул
392212;ZH;103;5150;Закрыт;21.08.2026 20:22:23;Аружан Райкул
392202;ZH;22;106720;Закрыт;21.08.2026 20:19:46;Рамазан Булат
392201;ZH;30;69810;Закрыт;21.08.2026 20:19:19;Раимбек Амирбек
392184;ZH;107;28714;Закрыт;21.08.2026 20:13:05;Аружан Райкул
392183;ZH;27;38256;Закрыт;21.08.2026 20:13:03;Алихан Сайранбеков
392159;ZH;46;30435;Закрыт;21.08.2026 19:55:02;Алексей Доронин
392149;ZH;26;61475;Закрыт;21.08.2026 19:47:21;Даулет Нургисаулы
392138;ZH;832;74582;Закрыт;21.08.2026 19:42:18;Раимбек Амирбек
392126;ZH;4;81525;Закрыт;21.08.2026 19:28:24;Санжар Тельман
392122;ZH;833;13504;Закрыт;21.08.2026 19:22:57;Даулет Нургисаулы
392095;ZH;29;21824;Закрыт;21.08.2026 19:09:44;Рамазан Булат
392088;ZH;104;11517;Закрыт;21.08.2026 19:05:15;Аружан Райкул
392077;ZH;44;12630;Закрыт;21.08.2026 18:54:19;Алексей Доронин
392061;ZH;109;33944;Закрыт;21.08.2026 18:45:20;Аружан Райкул
392055;ZH;103;18887;Закрыт;21.08.2026 18:37:19;Аружан Райкул
392051;ZH;39;27741;Закрыт;21.08.2026 18:35:46;Даулет Нургисаулы
392050;ZH;40;45254;Закрыт;21.08.2026 18:35:22;Даулет Нургисаулы
392049;ZH;201;7490;Закрыт;21.08.2026 18:34:16;Бар Бар new
392045;ZH;28;48917;Закрыт;21.08.2026 18:30:03;Алихан Сайранбеков
392030;ZH;27;8890;Закрыт;21.08.2026 18:06:46;Алихан Сайранбеков
392018;ZH;109;6250;Закрыт;21.08.2026 17:38:58;Аружан Райкул
391998;ZH;15;53011;Закрыт;21.08.2026 16:43:41;Раимбек Амирбек
391970;ZH;5;16034;Закрыт;21.08.2026 15:40:00;Алексей Доронин
391967;ZH;28;16887;Закрыт;21.08.2026 15:35:31;Алихан Сайранбеков
391751;ZH;12;46728;Закрыт;21.08.2026 00:49:20;Санжар Тельман
391745;ZH;41;9860;Закрыт;21.08.2026 00:45:55;Алан Камбалин
391690;ZH;32;53898;Закрыт;20.08.2026 23:56:12;Алдияр Елубаев
391641;ZH;29;32190;Закрыт;20.08.2026 23:09:27;Алдияр Елубаев
391634;ZH;13;20185;Закрыт;20.08.2026 22:59:33;Санжар Тельман
391606;ZH;102;16674;Закрыт;20.08.2026 22:33:49;Рамазан Булат
391603;ZH;1;23397;Закрыт;20.08.2026 22:30:30;Кир Вагнер
391600;ZH;48;38984;Закрыт;20.08.2026 22:27:56;Алан Камбалин
391596;ZH;108;27337;Закрыт;20.08.2026 22:20:08;Рамазан Булат
391581;ZH;215;8897;Закрыт;20.08.2026 22:07:37;Анфиса Демьяненко
391563;ZH;828;5500;Закрыт;20.08.2026 21:57:27;Алдияр Елубаев
391561;ZH;15;37684;Закрыт;20.08.2026 21:56:25;Санжар Тельман
391541;ZH;843;0;Закрыт;20.08.2026 21:33:57;Алан Камбалин
391537;ZH;28;19230;Закрыт;20.08.2026 21:30:12;Алдияр Елубаев
391529;ZH;4;15147;Закрыт;20.08.2026 21:25:49;Кир Вагнер
391526;ZH;26;42128;Закрыт;20.08.2026 21:24:49;Анфиса Демьяненко
391520;ZH;43;27634;Закрыт;20.08.2026 21:22:13;Алан Камбалин
391505;ZH;21;25784;Закрыт;20.08.2026 21:15:29;Аружан Райкул
391500;ZH;47;67027;Закрыт;20.08.2026 21:13:34;Алан Камбалин
391488;ZH;17;22724;Закрыт;20.08.2026 21:06:52;Аружан Райкул
391471;ZH;25;26347;Закрыт;20.08.2026 20:58:43;Анфиса Демьяненко
391463;ZH;11;78758;Закрыт;20.08.2026 20:55:01;Санжар Тельман
391460;ZH;31;41760;Закрыт;20.08.2026 20:53:33;Аружан Райкул
391449;ZH;109;11077;Закрыт;20.08.2026 20:44:04;Рамазан Булат
391448;ZH;39;58701;Закрыт;20.08.2026 20:43:27;Анфиса Демьяненко
391447;ZH;107;18795;Закрыт;20.08.2026 20:42:49;Рамазан Булат
391412;ZH;5;70481;Закрыт;20.08.2026 20:22:47;Кир Вагнер
391388;ZH;18;65254;Закрыт;20.08.2026 20:07:48;Аружан Райкул
391382;ZH;22;42724;Закрыт;20.08.2026 20:04:33;Алдияр Елубаев
391355;ZH;827;40225;Закрыт;20.08.2026 19:29:04;Анфиса Демьяненко
391322;ZH;41;43054;Закрыт;20.08.2026 18:58:09;Алан Камбалин
391303;ZH;202;10947;Закрыт;20.08.2026 18:36:19;Бар Бар new
391295;ZH;19;10327;Закрыт;20.08.2026 18:24:09;Аружан Райкул
391291;ZH;103;16667;Закрыт;20.08.2026 18:17:48;Рамазан Булат
391286;ZH;33;14241;Закрыт;20.08.2026 18:13:02;Алдияр Елубаев
391270;ZH;201;6010;Закрыт;20.08.2026 17:55:52;Бар Бар new
391254;ZH;20;76971;Закрыт;20.08.2026 17:16:34;Аружан Райкул
391231;ZH;7;16014;Закрыт;20.08.2026 16:12:06;Аружан Райкул
391227;ZH;10;329675;Закрыт;20.08.2026 16:02:27;Санжар Тельман
391195;ZH;6;4820;Закрыт;20.08.2026 14:54:26;Алан Камбалин
391024;ZH;25;1627;Закрыт;20.08.2026 00:48:00;Анфиса Демьяненко
391007;ZH;101;6024;Закрыт;20.08.2026 00:22:13;Алихан Сайранбеков
390963;ZH;108;10404;Закрыт;19.08.2026 23:16:33;Алихан Сайранбеков
390949;ZH;829;8560;Закрыт;19.08.2026 23:04:56;Валерия Дондаренко
390940;ZH;101;13167;Закрыт;19.08.2026 22:59:17;Алихан Сайранбеков
390935;ZH;28;1643;Закрыт;19.08.2026 22:56:44;Раимбек Амирбек
390934;ZH;201;28444;Закрыт;19.08.2026 22:56:37;Бар Бар new
390925;ZH;31;27914;Закрыт;19.08.2026 22:49:57;Раимбек Амирбек
390909;ZH;22;29867;Закрыт;19.08.2026 22:33:31;Раимбек Амирбек
390891;ZH;13;53238;Закрыт;19.08.2026 22:17:56;Аружан Райкул
390890;ZH;4;121477;Закрыт;19.08.2026 22:17:25;Рамазан Булат
390858;ZH;20;53981;Закрыт;19.08.2026 21:49:57;Валерия Дондаренко
390847;ZH;110;23591;Закрыт;19.08.2026 21:42:19;Алихан Сайранбеков
390838;ZH;109;22348;Закрыт;19.08.2026 21:39:38;Алихан Сайранбеков
390835;ZH;106;9893;Закрыт;19.08.2026 21:38:15;Алихан Сайранбеков
390805;ZH;7;60104;Закрыт;19.08.2026 21:23:18;Раимбек Амирбек
390797;ZH;840;82509;Закрыт;19.08.2026 21:15:06;Рамазан Булат
390775;ZH;107;25221;Закрыт;19.08.2026 20:58:01;Алихан Сайранбеков
390735;ZH;106;3073;Закрыт;19.08.2026 20:16:16;Алихан Сайранбеков
390723;ZH;14;247889;Закрыт;19.08.2026 20:05:18;Аружан Райкул
390711;ZH;29;13840;Закрыт;19.08.2026 19:59:00;Валерия Дондаренко
390706;ZH;28;20420;Закрыт;19.08.2026 19:53:25;Раимбек Амирбек
390687;ZH;40;26671;Закрыт;19.08.2026 19:40:51;Кир Вагнер
390669;ZH;43;149292;Закрыт;19.08.2026 19:23:27;Кир Вагнер
390654;ZH;2;15360;Закрыт;19.08.2026 19:13:33;Рамазан Булат
390636;ZH;21;45934;Закрыт;19.08.2026 18:48:05;Раимбек Амирбек
390624;ZH;25;89874;Закрыт;19.08.2026 18:24:24;Анфиса Демьяненко
390617;ZH;101;32578;Закрыт;19.08.2026 18:15:09;Алихан Сайранбеков
390608;ZH;102;9757;Закрыт;19.08.2026 17:54:49;Алихан Сайранбеков
390605;ZH;6;17884;Закрыт;19.08.2026 17:53:16;Рамазан Булат
390580;ZH;20;6910;Закрыт;19.08.2026 17:03:19;Раимбек Амирбек
390331;ZH;27;1045;Закрыт;19.08.2026 00:27:58;Рамазан Булат
390322;ZH;102;28839;Закрыт;19.08.2026 00:14:57;Раимбек Амирбек
390321;ZH;22;45342;Закрыт;19.08.2026 00:14:37;Даулет Нургисаулы
390317;ZH;14;26576;Закрыт;19.08.2026 00:11:00;Валерия Дондаренко
390314;ZH;834;1540;Закрыт;19.08.2026 00:10:32;Аружан Райкул
390242;ZH;40;34817;Закрыт;18.08.2026 23:11:05;Аружан Райкул
390228;ZH;23;41492;Закрыт;18.08.2026 23:00:06;Рамазан Булат
390222;ZH;836;88381;Закрыт;18.08.2026 22:56:36;Алихан Сайранбеков
390195;ZH;21;6985;Закрыт;18.08.2026 22:43:24;Алдияр Елубаев
390171;ZH;6;9783;Закрыт;18.08.2026 22:33:02;Даулет Нургисаулы
390165;ZH;8;19237;Закрыт;18.08.2026 22:31:36;Алихан Сайранбеков
390161;ZH;20;12727;Закрыт;18.08.2026 22:30:19;Алдияр Елубаев
390159;ZH;37;24937;Закрыт;18.08.2026 22:29:52;Даулет Нургисаулы
390153;ZH;32;25700;Закрыт;18.08.2026 22:24:20;Даулет Нургисаулы
390142;ZH;18;13992;Закрыт;18.08.2026 22:17:44;Алдияр Елубаев
390130;ZH;841;1423;Закрыт;18.08.2026 22:09:50;Рамазан Булат
390126;ZH;41;9990;Закрыт;18.08.2026 22:04:56;Алексей Доронин
390066;ZH;2;22724;Закрыт;18.08.2026 21:30:46;Алихан Сайранбеков
390045;ZH;109;4950;Закрыт;18.08.2026 21:24:15;Раимбек Амирбек
390012;ZH;34;10485;Закрыт;18.08.2026 21:05:26;Аружан Райкул
390011;ZH;13;22407;Закрыт;18.08.2026 21:05:23;Даулет Нургисаулы
390008;ZH;23;17780;Закрыт;18.08.2026 21:03:23;Рамазан Булат
390006;ZH;1;16487;Закрыт;18.08.2026 21:03:09;Алихан Сайранбеков
389998;ZH;27;37374;Закрыт;18.08.2026 20:57:47;Рамазан Булат
389989;ZH;101;27544;Закрыт;18.08.2026 20:54:17;Раимбек Амирбек
389972;ZH;827;11530;Закрыт;18.08.2026 20:44:45;Рамазан Булат
389967;ZH;29;16157;Закрыт;18.08.2026 20:41:48;Даулет Нургисаулы
389966;ZH;30;21727;Закрыт;18.08.2026 20:41:06;Даулет Нургисаулы
389950;ZH;17;33361;Закрыт;18.08.2026 20:32:45;Алдияр Елубаев
389932;ZH;28;37649;Закрыт;18.08.2026 20:23:17;Рамазан Булат
389931;ZH;103;11530;Закрыт;18.08.2026 20:23:01;Раимбек Амирбек
389930;ZH;110;17134;Закрыт;18.08.2026 20:22:06;Раимбек Амирбек
389929;ZH;102;4620;Закрыт;18.08.2026 20:21:46;Раимбек Амирбек
389925;ZH;14;10877;Закрыт;18.08.2026 20:19:43;Валерия Дондаренко
389923;ZH;5;13710;Закрыт;18.08.2026 20:18:39;Алихан Сайранбеков
389922;ZH;43;19149;Закрыт;18.08.2026 20:18:36;Алексей Доронин
389916;ZH;26;34934;Закрыт;18.08.2026 20:11:42;Аружан Райкул
389904;ZH;20;18645;Закрыт;18.08.2026 20:05:47;Алдияр Елубаев
389876;ZH;18;30637;Закрыт;18.08.2026 19:47:35;Алдияр Елубаев
389864;ZH;39;15380;Закрыт;18.08.2026 19:40:47;Аружан Райкул
389854;ZH;16;21107;Закрыт;18.08.2026 19:32:43;Валерия Дондаренко
389850;ZH;44;15222;Закрыт;18.08.2026 19:29:40;Алексей Доронин
389846;ZH;19;18949;Закрыт;18.08.2026 19:28:06;Рамазан Булат
389819;ZH;7;21080;Закрыт;18.08.2026 19:10:12;Даулет Нургисаулы
389811;ZH;104;10650;Закрыт;18.08.2026 19:06:23;Раимбек Амирбек
389796;ZH;21;59343;Закрыт;18.08.2026 18:53:50;Алдияр Елубаев
389789;ZH;105;11042;Закрыт;18.08.2026 18:51:50;Раимбек Амирбек
389781;ZH;47;54267;Закрыт;18.08.2026 18:39:48;Алексей Доронин
389772;ZH;42;28754;Закрыт;18.08.2026 18:32:19;Алексей Доронин
389762;ZH;48;30912;Закрыт;18.08.2026 18:27:07;Алексей Доронин
389754;ZH;25;91927;Закрыт;18.08.2026 18:17:27;Аружан Райкул
389751;ZH;10;195301;Закрыт;18.08.2026 18:14:27;Валерия Дондаренко
389733;ZH;19;25322;Закрыт;18.08.2026 17:50:29;Алдияр Елубаев
389732;ZH;21;0;Отменен;18.08.2026 17:48:57;Алдияр Елубаев
389729;ZH;14;39864;Закрыт;18.08.2026 17:46:17;Валерия Дондаренко
389680;ZH;9;0;Закрыт;18.08.2026 16:29:14;Алихан Сайранбеков
389660;ZH;827;6545;Закрыт;18.08.2026 15:51:05;Алексей Доронин
389495;ZH;6;45817;Закрыт;18.08.2026 01:31:16;Алексей Доронин
389469;ZH;22;5260;Закрыт;18.08.2026 00:54:24;Алан Камбалин
389430;ZH;102;14047;Закрыт;17.08.2026 23:50:09;Кир Вагнер
389420;ZH;841;0;Закрыт;17.08.2026 23:44:01;Алан Камбалин
389417;ZH;42;13930;Закрыт;17.08.2026 23:43:07;Алексей Доронин
389390;ZH;29;12067;Закрыт;17.08.2026 23:09:10;Алан Камбалин
389364;ZH;7;7150;Закрыт;17.08.2026 22:25:51;Рамазан Булат
389354;ZH;17;39307;Закрыт;17.08.2026 22:17:11;Алан Камбалин
389351;ZH;27;37684;Закрыт;17.08.2026 22:12:19;Алексей Доронин
389279;ZH;101;7027;Закрыт;17.08.2026 20:42:53;Кир Вагнер
389274;ZH;39;5053;Закрыт;17.08.2026 20:39:11;Алексей Доронин
389267;ZH;20;10740;Закрыт;17.08.2026 20:27:57;Алексей Доронин
389256;ZH;22;73627;Закрыт;17.08.2026 20:17:36;Алан Камбалин
389238;ZH;41;36551;Закрыт;17.08.2026 19:56:50;Алексей Доронин
389230;ZH;16;16221;Закрыт;17.08.2026 19:52:35;Рамазан Булат
389218;ZH;6;4827;Закрыт;17.08.2026 19:40:40;Рамазан Булат
389187;ZH;201;13017;Закрыт;17.08.2026 18:53:06;Бар Бар new
389172;ZH;104;15374;Закрыт;17.08.2026 18:25:03;Кир Вагнер
389143;ZH;102;13257;Закрыт;17.08.2026 17:18:10;Кир Вагнер
389129;ZH;24;10967;Закрыт;17.08.2026 16:50:02;Алексей Доронин
389115;ZH;20;6504;Закрыт;17.08.2026 16:22:33;Алексей Доронин
389095;ZH;39;8444;Закрыт;17.08.2026 15:38:07;Рамазан Булат
388865;ZH;105;13361;Закрыт;16.08.2026 23:59:58;Алан Камбалин
388860;ZH;21;55354;Закрыт;16.08.2026 23:57:14;Санжар Тельман
388821;ZH;46;63105;Закрыт;16.08.2026 23:25:47;Алексей Доронин
388814;ZH;44;0;Закрыт;16.08.2026 23:20:40;Алексей Доронин
388803;ZH;6;79922;Закрыт;16.08.2026 23:08:40;Кир Вагнер
388793;ZH;108;35594;Закрыт;16.08.2026 23:02:16;Алан Камбалин
388780;ZH;828;12074;Закрыт;16.08.2026 22:47:34;Санжар Тельман
388777;ZH;8;20530;Закрыт;16.08.2026 22:42:17;Кир Вагнер
388760;ZH;109;5254;Закрыт;16.08.2026 22:34:51;Алан Камбалин
388729;ZH;16;10657;Закрыт;16.08.2026 22:00:38;Даулет Нургисаулы
388723;ZH;39;18117;Закрыт;16.08.2026 21:53:21;Кир Вагнер
388687;ZH;104;4057;Закрыт;16.08.2026 21:22:11;Алан Камбалин
388681;ZH;845;7907;Закрыт;16.08.2026 21:17:29;Алан Камбалин
388678;ZH;23;30811;Закрыт;16.08.2026 21:14:40;Раимбек Амирбек
388665;ZH;27;18517;Закрыт;16.08.2026 20:58:20;Раимбек Амирбек
388656;ZH;42;91335;Закрыт;16.08.2026 20:53:16;Алексей Доронин
388628;ZH;106;41338;Закрыт;16.08.2026 20:31:26;Алан Камбалин
388621;ZH;108;3507;Закрыт;16.08.2026 20:23:29;Алан Камбалин
388594;ZH;2;48954;Закрыт;16.08.2026 20:04:45;Даулет Нургисаулы
388583;ZH;3;6475;Закрыт;16.08.2026 19:55:25;Даулет Нургисаулы
388568;ZH;32;179749;Закрыт;16.08.2026 19:42:28;Санжар Тельман
388562;ZH;102;62381;Закрыт;16.08.2026 19:39:11;Алан Камбалин
388557;ZH;17;57387;Закрыт;16.08.2026 19:34:16;Кир Вагнер
388556;ZH;34;30624;Закрыт;16.08.2026 19:33:58;Раимбек Амирбек
388551;ZH;10;154172;Закрыт;16.08.2026 19:30:02;Даулет Нургисаулы
388543;ZH;25;78881;Закрыт;16.08.2026 19:23:59;Раимбек Амирбек
388540;ZH;20;26814;Закрыт;16.08.2026 19:19:10;Кир Вагнер
388516;ZH;24;65417;Закрыт;16.08.2026 18:59:59;Раимбек Амирбек
388489;ZH;11;297407;Закрыт;16.08.2026 18:26:29;Бану Нурмаханова
388474;ZH;102;12507;Закрыт;16.08.2026 17:55:59;Алан Камбалин
388471;ZH;24;17354;Закрыт;16.08.2026 17:53:43;Раимбек Амирбек
388458;ZH;18;15800;Закрыт;16.08.2026 17:27:34;Кир Вагнер
388455;ZH;43;4600;Закрыт;16.08.2026 17:25:05;Алексей Доронин
388448;ZH;108;2517;Закрыт;16.08.2026 17:14:21;Алан Камбалин
388435;ZH;47;204019;Закрыт;16.08.2026 16:53:13;Алексей Доронин
388426;ZH;101;28281;Закрыт;16.08.2026 16:31:56;Алан Камбалин
388422;ZH;837;1313;Закрыт;16.08.2026 16:23:56;Кир Вагнер
388415;ZH;39;27570;Закрыт;16.08.2026 16:13:09;Раимбек Амирбек
388406;ZH;4;6030;Закрыт;16.08.2026 16:00:38;Кир Вагнер
388262;ZH;23;65204;Закрыт;16.08.2026 01:38:27;Есенбек Бекарыс
388206;ZH;215;8320;Закрыт;16.08.2026 01:04:17;Бар Бар new
388200;ZH;40;44438;Закрыт;16.08.2026 00:59:59;Кир Вагнер
388178;ZH;37;2847;Закрыт;16.08.2026 00:45:16;Кир Вагнер
388142;ZH;845;0;Отменен;16.08.2026 00:17:02;Кир Вагнер
388138;ZH;48;28637;Закрыт;16.08.2026 00:13:51;Кир Вагнер
388127;ZH;101;65965;Закрыт;16.08.2026 00:03:05;Бану Нурмаханова
388119;ZH;882;0;Закрыт;15.08.2026 23:58:54;Есенбек Бекарыс
388098;ZH;1;147103;Закрыт;15.08.2026 23:45:13;Раимбек Амирбек
388093;ZH;849;0;Закрыт;15.08.2026 23:43:03;Кир Вагнер
388080;ZH;848;0;Закрыт;15.08.2026 23:37:46;Кир Вагнер
388079;ZH;847;0;Закрыт;15.08.2026 23:37:07;Кир Вагнер
388075;ZH;109;8217;Закрыт;15.08.2026 23:32:07;Бану Нурмаханова
388036;ZH;11;37728;Закрыт;15.08.2026 23:10:14;Алан Камбалин
388026;ZH;827;10630;Закрыт;15.08.2026 23:06:12;Аружан Райкул
388021;ZH;31;104421;Закрыт;15.08.2026 23:03:17;Санжар Тельман
387998;ZH;41;10967;Закрыт;15.08.2026 22:47:01;Кир Вагнер
387957;ZH;21;57488;Закрыт;15.08.2026 22:31:05;Санжар Тельман
387885;ZH;22;78060;Закрыт;15.08.2026 21:54:07;Кир Вагнер
387875;ZH;6;51674;Закрыт;15.08.2026 21:48:15;Санжар Тельман
387828;ZH;3;28444;Закрыт;15.08.2026 21:27:35;Раимбек Амирбек
387827;ZH;837;0;Закрыт;15.08.2026 21:26:56;Раимбек Амирбек
387807;ZH;42;25148;Закрыт;15.08.2026 21:20:23;Кир Вагнер
387805;ZH;4;85202;Закрыт;15.08.2026 21:18:26;Раимбек Амирбек
387788;ZH;5;24924;Закрыт;15.08.2026 21:08:42;Санжар Тельман
387774;ZH;25;233000;Закрыт;15.08.2026 20:58:37;Аружан Райкул
387772;ZH;26;32798;Закрыт;15.08.2026 20:58:00;Аружан Райкул
387705;ZH;17;73091;Закрыт;15.08.2026 20:12:00;Алан Камбалин
387704;ZH;32;101935;Закрыт;15.08.2026 20:11:43;Есенбек Бекарыс
387682;ZH;107;23008;Закрыт;15.08.2026 19:54:02;Бану Нурмаханова
387672;ZH;14;103869;Закрыт;15.08.2026 19:46:39;Алан Камбалин
387658;ZH;10;156194;Закрыт;15.08.2026 19:36:26;Раимбек Амирбек
387651;ZH;12;69782;Закрыт;15.08.2026 19:33:05;Алан Камбалин
387650;ZH;104;18861;Закрыт;15.08.2026 19:32:23;Бану Нурмаханова
387624;ZH;108;16570;Закрыт;15.08.2026 19:11:19;Бану Нурмаханова
387621;ZH;7;62062;Закрыт;15.08.2026 19:08:01;Санжар Тельман
387610;ZH;202;11964;Закрыт;15.08.2026 19:01:53;Бар Бар new
387585;ZH;39;12727;Закрыт;15.08.2026 18:40:57;Кир Вагнер
387568;ZH;103;35878;Закрыт;15.08.2026 18:22:09;Бану Нурмаханова
387549;ZH;2;31401;Закрыт;15.08.2026 17:49:52;Раимбек Амирбек
387512;ZH;6;47874;Закрыт;15.08.2026 16:41:38;Санжар Тельман
387330;ZH;34;38821;Закрыт;15.08.2026 01:24:09;Есенбек Бекарыс
387276;ZH;13;114400;Закрыт;15.08.2026 00:51:34;Валерия Дондаренко
387272;ZH;207;7130;Закрыт;15.08.2026 00:49:09;Бар Бар new
387269;ZH;5;8780;Закрыт;15.08.2026 00:47:29;Даулет Нургисаулы
387260;ZH;8;52857;Закрыт;15.08.2026 00:43:21;Бану Нурмаханова
387257;ZH;9;34410;Закрыт;15.08.2026 00:40:47;Бану Нурмаханова
387252;ZH;47;1643;Закрыт;15.08.2026 00:38:10;Аружан Райкул
387241;ZH;15;136911;Закрыт;15.08.2026 00:30:41;Валерия Дондаренко
387239;ZH;33;39618;Закрыт;15.08.2026 00:30:19;Есенбек Бекарыс
387238;ZH;31;23454;Закрыт;15.08.2026 00:29:50;Даулет Нургисаулы
387225;ZH;203;21591;Закрыт;15.08.2026 00:21:09;Бар Бар new
387220;ZH;20;18110;Закрыт;15.08.2026 00:19:36;Даулет Нургисаулы
387203;ZH;21;50644;Закрыт;15.08.2026 00:09:17;Даулет Нургисаулы
387200;ZH;43;15470;Закрыт;15.08.2026 00:09:03;Аружан Райкул
387190;ZH;17;81624;Закрыт;15.08.2026 00:06:13;Даулет Нургисаулы
387164;ZH;834;27784;Закрыт;14.08.2026 23:46:22;Есенбек Бекарыс
387161;ZH;16;21584;Закрыт;14.08.2026 23:43:28;Валерия Дондаренко
387159;ZH;205;18337;Закрыт;14.08.2026 23:42:13;Бар Бар new
387148;ZH;22;33077;Закрыт;14.08.2026 23:32:34;Даулет Нургисаулы
387142;ZH;829;31827;Закрыт;14.08.2026 23:30:35;Даулет Нургисаулы
387129;ZH;7;47214;Закрыт;14.08.2026 23:19:50;Даулет Нургисаулы
387123;ZH;827;23797;Закрыт;14.08.2026 23:16:17;Алексей Доронин
387095;ZH;41;26987;Закрыт;14.08.2026 23:02:46;Аружан Райкул
387091;ZH;875;0;Отменен;14.08.2026 22:59:28;Даулет Нургисаулы
387064;ZH;867;7564;Закрыт;14.08.2026 22:46:25;Аружан Райкул
387051;ZH;846;0;Закрыт;14.08.2026 22:38:20;Даулет Нургисаулы
387048;ZH;35;34368;Закрыт;14.08.2026 22:37:38;Даулет Нургисаулы
387045;ZH;44;29531;Закрыт;14.08.2026 22:33:25;Аружан Райкул
386969;ZH;26;66191;Закрыт;14.08.2026 21:52:06;Алексей Доронин
386957;ZH;10;322637;Закрыт;14.08.2026 21:43:33;Валерия Дондаренко
386933;ZH;845;0;Закрыт;14.08.2026 21:24:21;Даулет Нургисаулы
386914;ZH;201;21584;Закрыт;14.08.2026 21:13:46;Бар Бар new
386912;ZH;6;9984;Закрыт;14.08.2026 21:12:19;Даулет Нургисаулы
386884;ZH;6;0;Отменен;14.08.2026 20:58:18;Даулет Нургисаулы
386883;ZH;7;12080;Закрыт;14.08.2026 20:57:25;Даулет Нургисаулы
386878;ZH;4;131800;Закрыт;14.08.2026 20:54:14;Бану Нурмаханова
386865;ZH;2;72948;Закрыт;14.08.2026 20:47:36;Бану Нурмаханова
386862;ZH;40;20497;Закрыт;14.08.2026 20:45:15;Есенбек Бекарыс
386853;ZH;18;9660;Закрыт;14.08.2026 20:36:47;Даулет Нургисаулы
386852;ZH;1;73121;Закрыт;14.08.2026 20:36:22;Бану Нурмаханова
386847;ZH;30;54668;Закрыт;14.08.2026 20:33:59;Даулет Нургисаулы
386830;ZH;34;15107;Закрыт;14.08.2026 20:20:25;Есенбек Бекарыс
386822;ZH;7;22407;Закрыт;14.08.2026 20:07:14;Даулет Нургисаулы
386814;ZH;48;73212;Закрыт;14.08.2026 20:03:06;Есенбек Бекарыс
386798;ZH;23;20627;Закрыт;14.08.2026 19:54:26;Даулет Нургисаулы
386796;ZH;45;42011;Закрыт;14.08.2026 19:51:17;Аружан Райкул
386782;ZH;27;138257;Закрыт;14.08.2026 19:41:49;Алексей Доронин
386778;ZH;3;39747;Закрыт;14.08.2026 19:36:30;Бану Нурмаханова
386758;ZH;14;170416;Закрыт;14.08.2026 19:16:54;Валерия Дондаренко
386756;ZH;6;27900;Отменен;14.08.2026 19:13:32;Даулет Нургисаулы
386750;ZH;110;3953;Закрыт;14.08.2026 19:09:18;Санжар Тельман
386749;ZH;42;80258;Закрыт;14.08.2026 19:08:21;Аружан Райкул
386743;ZH;7;22407;Отменен;14.08.2026 19:04:30;Даулет Нургисаулы
386742;ZH;19;6904;Закрыт;14.08.2026 19:04:22;Даулет Нургисаулы
386740;ZH;106;9214;Закрыт;14.08.2026 19:03:16;Санжар Тельман
386736;ZH;108;3953;Закрыт;14.08.2026 18:59:45;Санжар Тельман
386733;ZH;105;21371;Закрыт;14.08.2026 18:59:00;Санжар Тельман
386723;ZH;24;97115;Закрыт;14.08.2026 18:48:51;Алексей Доронин
386714;ZH;33;15347;Закрыт;14.08.2026 18:38:16;Есенбек Бекарыс
386712;ZH;28;26107;Закрыт;14.08.2026 18:36:08;Алексей Доронин
386711;ZH;21;37664;Закрыт;14.08.2026 18:35:53;Даулет Нургисаулы
386708;ZH;29;56696;Закрыт;14.08.2026 18:31:43;Алексей Доронин
386707;ZH;22;39987;Закрыт;14.08.2026 18:30:54;Даулет Нургисаулы
386705;ZH;6;24264;Закрыт;14.08.2026 18:27:25;Даулет Нургисаулы
386700;ZH;43;26147;Закрыт;14.08.2026 18:22:59;Аружан Райкул
386696;ZH;827;19224;Закрыт;14.08.2026 18:18:32;Алексей Доронин
386694;ZH;101;41578;Закрыт;14.08.2026 18:15:53;Санжар Тельман
386692;ZH;840;0;Отменен;14.08.2026 18:00:10;Хостес Хостес
386690;ZH;46;71251;Закрыт;14.08.2026 17:57:10;Аружан Райкул
386684;ZH;106;17690;Закрыт;14.08.2026 17:23:35;Санжар Тельман
386681;ZH;105;5487;Закрыт;14.08.2026 17:08:34;Санжар Тельман
386680;ZH;2;3623;Закрыт;14.08.2026 17:03:25;Даулет Нургисаулы
386637;ZH;6;17464;Закрыт;14.08.2026 14:06:50;Даулет Нургисаулы
386481;ZH;201;0;Закрыт;14.08.2026 00:27:12;Санжар Тельман
386454;ZH;48;32850;Закрыт;13.08.2026 23:51:07;Санжар Тельман
386327;ZH;25;67390;Закрыт;13.08.2026 21:49:24;Алексей Доронин
386315;ZH;20;9937;Закрыт;13.08.2026 21:40:17;Рамазан Булат
386304;ZH;21;36604;Закрыт;13.08.2026 21:35:16;Валерия Дондаренко
386294;ZH;203;3170;Закрыт;13.08.2026 21:28:44;Бар Бар new
386278;ZH;26;25797;Закрыт;13.08.2026 21:20:05;Бану Нурмаханова
386262;ZH;103;15264;Закрыт;13.08.2026 21:06:10;Даулет Нургисаулы
386249;ZH;27;46827;Закрыт;13.08.2026 20:58:08;Алексей Доронин
386231;ZH;41;27887;Закрыт;13.08.2026 20:47:19;Санжар Тельман
386205;ZH;201;9220;Закрыт;13.08.2026 20:32:23;Бар Бар new
386112;ZH;101;10190;Закрыт;13.08.2026 19:30:50;Даулет Нургисаулы
386107;ZH;34;84801;Закрыт;13.08.2026 19:27:49;Бану Нурмаханова
386075;ZH;24;29548;Закрыт;13.08.2026 19:05:30;Алексей Доронин
386067;ZH;202;5584;Закрыт;13.08.2026 19:00:26;Бар Бар new
386064;ZH;3;15704;Закрыт;13.08.2026 18:58:29;Кир Вагнер
386054;ZH;16;59107;Закрыт;13.08.2026 18:50:30;Алан Камбалин
386052;ZH;23;55174;Закрыт;13.08.2026 18:48:38;Рамазан Булат
386049;ZH;201;5914;Закрыт;13.08.2026 18:41:34;Бар Бар new
386046;ZH;6;10437;Закрыт;13.08.2026 18:40:44;Валерия Дондаренко
386044;ZH;29;18537;Закрыт;13.08.2026 18:38:42;Рамазан Булат
386037;ZH;102;6794;Закрыт;13.08.2026 18:24:32;Даулет Нургисаулы
386036;ZH;101;3293;Закрыт;13.08.2026 18:24:14;Раимбек Амирбек
386025;ZH;39;22724;Закрыт;13.08.2026 18:04:25;Алексей Доронин
386015;ZH;17;200666;Закрыт;13.08.2026 17:51:06;Валерия Дондаренко
385894;ZH;6;46955;Закрыт;13.08.2026 14:19:17;Валерия Дондаренко
385875;ZH;106;8582;Закрыт;13.08.2026 13:52:11;Рамазан Булат
385753;ZH;22;18434;Закрыт;13.08.2026 00:42:33;Кир Вагнер
385652;ZH;4;40491;Закрыт;12.08.2026 22:54:13;Алексей Доронин
385593;ZH;23;41844;Закрыт;12.08.2026 21:57:50;Кир Вагнер
385591;ZH;39;39730;Закрыт;12.08.2026 21:57:03;Санжар Тельман
385575;ZH;18;48437;Закрыт;12.08.2026 21:48:15;Бану Нурмаханова
385561;ZH;32;10993;Закрыт;12.08.2026 21:39:06;Бану Нурмаханова
385553;ZH;25;45610;Закрыт;12.08.2026 21:31:32;Санжар Тельман
385548;ZH;20;2847;Закрыт;12.08.2026 21:28:45;Санжар Тельман
385527;ZH;20;0;Закрыт;12.08.2026 21:12:26;Бану Нурмаханова
385523;ZH;19;0;Закрыт;12.08.2026 21:10:49;Бану Нурмаханова
385520;ZH;103;5150;Закрыт;12.08.2026 21:10:27;Есенбек Бекарыс
385518;ZH;21;32791;Закрыт;12.08.2026 21:08:20;Бану Нурмаханова
385513;ZH;42;34021;Закрыт;12.08.2026 21:06:02;Рамазан Булат
385473;ZH;106;6684;Закрыт;12.08.2026 20:38:40;Есенбек Бекарыс
385472;ZH;19;0;Закрыт;12.08.2026 20:38:34;Бану Нурмаханова
385471;ZH;17;36138;Закрыт;12.08.2026 20:37:24;Бану Нурмаханова
385468;ZH;14;88352;Закрыт;12.08.2026 20:33:14;Валерия Дондаренко
385432;ZH;29;3953;Закрыт;12.08.2026 20:08:32;Кир Вагнер
385389;ZH;103;13834;Закрыт;12.08.2026 19:40:48;Есенбек Бекарыс
385380;ZH;20;20951;Закрыт;12.08.2026 19:34:43;Санжар Тельман
385378;ZH;38;19987;Закрыт;12.08.2026 19:32:16;Санжар Тельман
385371;ZH;10;105992;Закрыт;12.08.2026 19:25:06;Валерия Дондаренко
385367;ZH;2;44141;Закрыт;12.08.2026 19:23:03;Алексей Доронин
385356;ZH;16;37821;Закрыт;12.08.2026 19:12:04;Валерия Дондаренко
385320;ZH;23;51264;Закрыт;12.08.2026 18:30:20;Кир Вагнер
385308;ZH;22;17871;Закрыт;12.08.2026 18:16:14;Бану Нурмаханова
385307;ZH;3;35167;Закрыт;12.08.2026 18:13:46;Кир Вагнер
385296;ZH;39;8327;Закрыт;12.08.2026 17:56:28;Санжар Тельман
385268;ZH;6;17431;Закрыт;12.08.2026 17:18:45;Кир Вагнер
385261;ZH;33;19947;Закрыт;12.08.2026 17:07:43;Санжар Тельман
385223;ZH;889;0;Отменен;12.08.2026 15:50:17;Марьям Валиева
385196;ZH;6;8780;Закрыт;12.08.2026 14:59:10;Санжар Тельман
385193;ZH;832;13944;Закрыт;12.08.2026 14:53:56;Кир Вагнер
385024;ZH;44;770;Закрыт;12.08.2026 00:57:38;Алихан Сайранбеков
385019;ZH;110;1205;Закрыт;12.08.2026 00:49:43;Рамазан Булат
384990;ZH;106;26774;Закрыт;12.08.2026 00:27:42;Рамазан Булат
384988;ZH;829;27845;Закрыт;12.08.2026 00:27:17;Валерия Дондаренко
384985;ZH;30;41547;Закрыт;12.08.2026 00:24:54;Валерия Дондаренко
384972;ZH;46;8791;Закрыт;12.08.2026 00:12:01;Алихан Сайранбеков
384971;ZH;48;4176;Закрыт;12.08.2026 00:11:24;Алихан Сайранбеков
384966;ZH;48;15910;Закрыт;12.08.2026 00:07:37;Алихан Сайранбеков
384962;ZH;4;129021;Закрыт;12.08.2026 00:04:23;Кир Вагнер
384953;ZH;109;25542;Закрыт;11.08.2026 23:53:00;Рамазан Булат
384921;ZH;104;32267;Закрыт;11.08.2026 23:34:29;Рамазан Булат
384918;ZH;201;6428;Закрыт;11.08.2026 23:32:39;Бар Бар new
384912;ZH;108;8023;Закрыт;11.08.2026 23:29:44;Рамазан Булат
384908;ZH;5;35512;Закрыт;11.08.2026 23:28:01;Кир Вагнер
384892;ZH;828;7418;Закрыт;11.08.2026 23:15:03;Санжар Тельман
384882;ZH;13;8677;Закрыт;11.08.2026 23:09:30;Кир Вагнер
384877;ZH;105;10333;Закрыт;11.08.2026 23:05:45;Рамазан Булат
384854;ZH;1;268316;Закрыт;11.08.2026 22:49:33;Кир Вагнер
384853;ZH;102;102069;Закрыт;11.08.2026 22:49:15;Рамазан Булат
384848;ZH;18;25397;Закрыт;11.08.2026 22:45:04;Валерия Дондаренко
384846;ZH;31;24545;Закрыт;11.08.2026 22:43:25;Валерия Дондаренко
384837;ZH;40;24367;Закрыт;11.08.2026 22:38:37;Алихан Сайранбеков
384822;ZH;827;20880;Закрыт;11.08.2026 22:27:47;Аружан Райкул
384817;ZH;15;7227;Закрыт;11.08.2026 22:22:36;Червяков Георгий
384813;ZH;38;45294;Закрыт;11.08.2026 22:17:07;Аружан Райкул
384797;ZH;838;0;Отменен;11.08.2026 22:07:34;Кир Вагнер
384783;ZH;47;16014;Закрыт;11.08.2026 21:55:01;Алихан Сайранбеков
384773;ZH;41;10437;Закрыт;11.08.2026 21:50:52;Алихан Сайранбеков
384765;ZH;8;16020;Закрыт;11.08.2026 21:41:46;Кир Вагнер
384764;ZH;46;30547;Закрыт;11.08.2026 21:41:21;Алихан Сайранбеков
384759;ZH;20;59374;Закрыт;11.08.2026 21:39:14;Валерия Дондаренко
384757;ZH;21;46311;Закрыт;11.08.2026 21:38:40;Валерия Дондаренко
384755;ZH;19;36604;Закрыт;11.08.2026 21:37:03;Валерия Дондаренко
384709;ZH;106;15050;Закрыт;11.08.2026 21:11:49;Рамазан Булат
384702;ZH;834;8842;Закрыт;11.08.2026 21:08:31;Алихан Сайранбеков
384672;ZH;14;6587;Закрыт;11.08.2026 20:51:08;Червяков Георгий
384663;ZH;12;53735;Закрыт;11.08.2026 20:45:59;Червяков Георгий
384654;ZH;34;69901;Закрыт;11.08.2026 20:40:58;Аружан Райкул
384653;ZH;23;276155;Закрыт;11.08.2026 20:39:56;Санжар Тельман
384646;ZH;27;28910;Закрыт;11.08.2026 20:36:03;Аружан Райкул
384623;ZH;16;22340;Закрыт;11.08.2026 20:26:27;Червяков Георгий
384620;ZH;25;75209;Закрыт;11.08.2026 20:23:15;Аружан Райкул
384616;ZH;11;143176;Закрыт;11.08.2026 20:20:28;Червяков Георгий
384610;ZH;107;28237;Закрыт;11.08.2026 20:18:14;Кир Вагнер
384590;ZH;42;45054;Закрыт;11.08.2026 20:06:23;Алихан Сайранбеков
384576;ZH;104;7308;Закрыт;11.08.2026 19:56:53;Рамазан Булат
384550;ZH;32;51330;Закрыт;11.08.2026 19:42:12;Санжар Тельман
384535;ZH;17;84190;Закрыт;11.08.2026 19:36:27;Кир Вагнер
384525;ZH;833;6800;Закрыт;11.08.2026 19:29:54;Аружан Райкул
384522;ZH;44;4558;Закрыт;11.08.2026 19:28:21;Алихан Сайранбеков
384501;ZH;202;4618;Закрыт;11.08.2026 19:18:01;Бар Бар new
384490;ZH;201;1540;Закрыт;11.08.2026 19:11:14;Бар Бар new
384477;ZH;106;12472;Закрыт;11.08.2026 18:59:05;Рамазан Булат
384471;ZH;104;14007;Закрыт;11.08.2026 18:55:17;Рамазан Булат
384433;ZH;10;218792;Закрыт;11.08.2026 18:14:41;Кир Вагнер
384431;ZH;109;2310;Закрыт;11.08.2026 18:12:13;Рамазан Булат
384430;ZH;202;1540;Закрыт;11.08.2026 18:09:46;Рамазан Булат
384414;ZH;15;61158;Закрыт;11.08.2026 17:50:19;Червяков Георгий
384410;ZH;35;4283;Закрыт;11.08.2026 17:45:19;Кир Вагнер
384401;ZH;47;55508;Закрыт;11.08.2026 17:22:02;Алихан Сайранбеков
384183;ZH;20;8217;Закрыт;11.08.2026 00:36:08;Червяков Георгий
384171;ZH;14;36978;Закрыт;11.08.2026 00:08:10;Кир Вагнер
384165;ZH;27;19430;Закрыт;11.08.2026 00:03:28;Кир Вагнер
384148;ZH;8;76520;Закрыт;10.08.2026 23:20:30;Аружан Райкул
384146;ZH;101;1527;Закрыт;10.08.2026 23:18:35;Алихан Сайранбеков
384135;ZH;6;39618;Закрыт;10.08.2026 23:06:35;Аружан Райкул
384099;ZH;101;13917;Закрыт;10.08.2026 22:25:47;Алихан Сайранбеков
384083;ZH;102;25021;Закрыт;10.08.2026 22:05:31;Алихан Сайранбеков
384062;ZH;103;16130;Закрыт;10.08.2026 21:37:27;Алихан Сайранбеков
384056;ZH;39;17081;Закрыт;10.08.2026 21:29:51;Червяков Георгий
384054;ZH;34;79237;Закрыт;10.08.2026 21:28:30;Червяков Георгий
384044;ZH;22;45014;Закрыт;10.08.2026 21:13:18;Рамазан Булат
384036;ZH;104;5163;Закрыт;10.08.2026 21:03:34;Алихан Сайранбеков
384027;ZH;18;27744;Закрыт;10.08.2026 20:53:56;Кир Вагнер
384013;ZH;17;109111;Закрыт;10.08.2026 20:37:53;Кир Вагнер
384010;ZH;33;4393;Закрыт;10.08.2026 20:32:54;Рамазан Булат
383997;ZH;109;1313;Закрыт;10.08.2026 20:16:19;Алихан Сайранбеков
383994;ZH;103;1863;Закрыт;10.08.2026 20:13:15;Алихан Сайранбеков
383993;ZH;102;0;Закрыт;10.08.2026 20:12:16;Алихан Сайранбеков
383974;ZH;20;40795;Закрыт;10.08.2026 19:54:58;Червяков Георгий
383964;ZH;105;7130;Закрыт;10.08.2026 19:40:43;Алихан Сайранбеков
383963;ZH;108;15794;Закрыт;10.08.2026 19:39:20;Алихан Сайранбеков
383935;ZH;103;18214;Закрыт;10.08.2026 19:03:22;Алихан Сайранбеков
383934;ZH;10;56091;Закрыт;10.08.2026 19:02:44;Червяков Георгий
383924;ZH;2;109094;Закрыт;10.08.2026 18:51:04;Аружан Райкул
383922;ZH;110;5500;Закрыт;10.08.2026 18:49:16;Алихан Сайранбеков
383919;ZH;109;3397;Закрыт;10.08.2026 18:45:35;Алихан Сайранбеков
383906;ZH;102;7997;Закрыт;10.08.2026 18:29:10;Алихан Сайранбеков
383903;ZH;3;30204;Закрыт;10.08.2026 18:23:01;Аружан Райкул
383898;ZH;5;25511;Закрыт;10.08.2026 18:10:37;Аружан Райкул
383889;ZH;39;18550;Закрыт;10.08.2026 17:55:15;Червяков Георгий
383886;ZH;33;46508;Закрыт;10.08.2026 17:45:51;Рамазан Булат
383870;ZH;18;9880;Закрыт;10.08.2026 17:17:32;Кир Вагнер
383843;ZH;103;10974;Закрыт;10.08.2026 15:57:43;Алихан Сайранбеков
383792;ZH;101;7014;Закрыт;10.08.2026 14:26:25;Алихан Сайранбеков
383609;ZH;34;6294;Закрыт;10.08.2026 00:00:45;Бану Нурмаханова
383607;ZH;6;57548;Закрыт;09.08.2026 23:56:27;Кир Вагнер
383602;ZH;35;2847;Закрыт;09.08.2026 23:47:45;Кир Вагнер
383600;ZH;30;15147;Закрыт;09.08.2026 23:42:59;Кир Вагнер
383590;ZH;32;10993;Закрыт;09.08.2026 23:34:41;Кир Вагнер
383577;ZH;43;43474;Закрыт;09.08.2026 23:15:49;Даулет Нургисаулы
383547;ZH;2;40007;Закрыт;09.08.2026 22:46:53;Раимбек Амирбек
383542;ZH;42;23604;Закрыт;09.08.2026 22:44:32;Даулет Нургисаулы
383510;ZH;34;27797;Закрыт;09.08.2026 22:18:05;Бану Нурмаханова
383461;ZH;109;22374;Закрыт;09.08.2026 21:36:58;Алихан Сайранбеков
383443;ZH;828;34595;Закрыт;09.08.2026 21:15:53;Аружан Райкул
383430;ZH;22;20964;Закрыт;09.08.2026 21:01:31;Кир Вагнер
383408;ZH;24;42420;Закрыт;09.08.2026 20:38:18;Бану Нурмаханова
383379;ZH;33;13141;Закрыт;09.08.2026 20:10:52;Бану Нурмаханова
383374;ZH;44;9654;Закрыт;09.08.2026 20:07:07;Даулет Нургисаулы
383366;ZH;102;5804;Закрыт;09.08.2026 20:00:41;Алихан Сайранбеков
383356;ZH;108;10184;Закрыт;09.08.2026 19:56:23;Алихан Сайранбеков
383339;ZH;106;14364;Закрыт;09.08.2026 19:40:00;Алихан Сайранбеков
383321;ZH;46;37037;Закрыт;09.08.2026 19:17:24;Даулет Нургисаулы
383314;ZH;39;0;Закрыт;09.08.2026 19:04:04;Даулет Нургисаулы
383311;ZH;38;11297;Закрыт;09.08.2026 19:01:53;Даулет Нургисаулы
383308;ZH;103;10980;Закрыт;09.08.2026 18:55:56;Алихан Сайранбеков
383302;ZH;10;212566;Закрыт;09.08.2026 18:50:26;Раимбек Амирбек
383291;ZH;4;15037;Закрыт;09.08.2026 18:37:35;Кир Вагнер
383290;ZH;32;12624;Закрыт;09.08.2026 18:37:12;Бану Нурмаханова
383269;ZH;110;0;Закрыт;09.08.2026 18:12:19;Алихан Сайранбеков
383268;ZH;17;475433;Закрыт;09.08.2026 18:09:37;Аружан Райкул
383262;ZH;202;3384;Закрыт;09.08.2026 17:52:03;Алихан Сайранбеков
383256;ZH;104;7997;Закрыт;09.08.2026 17:45:53;Алихан Сайранбеков
383252;ZH;26;2523;Закрыт;09.08.2026 17:31:11;Бану Нурмаханова
383242;ZH;101;33257;Закрыт;09.08.2026 17:16:39;Алихан Сайранбеков
383186;ZH;109;3293;Закрыт;09.08.2026 15:32:20;Алихан Сайранбеков
383177;ZH;201;0;Закрыт;09.08.2026 15:21:39;Анфиса Демьяненко
383068;ZH;11;74061;Закрыт;09.08.2026 01:33:30;Валерия Дондаренко
383001;ZH;38;18324;Закрыт;09.08.2026 00:51:32;Раимбек Амирбек
382957;ZH;103;25901;Закрыт;09.08.2026 00:12:51;Аружан Райкул
382933;ZH;9;111028;Закрыт;08.08.2026 23:52:13;Кир Вагнер
382923;ZH;110;0;Отменен;08.08.2026 23:48:07;Аружан Райкул
382914;ZH;40;15030;Закрыт;08.08.2026 23:41:01;Даулет Нургисаулы
382896;ZH;41;12890;Закрыт;08.08.2026 23:25:16;Даулет Нургисаулы
382874;ZH;828;15464;Закрыт;08.08.2026 23:05:23;Анфиса Демьяненко
382865;ZH;23;70424;Закрыт;08.08.2026 22:54:56;Анфиса Демьяненко
382863;ZH;13;3293;Закрыт;08.08.2026 22:53:57;Бану Нурмаханова
382826;ZH;203;8980;Закрыт;08.08.2026 22:33:03;Бар Бар new
382822;ZH;206;5480;Закрыт;08.08.2026 22:31:18;Бар Бар new
382793;ZH;26;71298;Закрыт;08.08.2026 22:12:01;Раимбек Амирбек
382763;ZH;201;4697;Закрыт;08.08.2026 21:52:24;Бар Бар new
382756;ZH;12;128412;Закрыт;08.08.2026 21:50:19;Бану Нурмаханова
382750;ZH;14;26844;Закрыт;08.08.2026 21:48:15;Валерия Дондаренко
382739;ZH;34;54351;Закрыт;08.08.2026 21:43:23;Раимбек Амирбек
382733;ZH;20;20304;Закрыт;08.08.2026 21:40:32;Кир Вагнер
382721;ZH;28;37633;Закрыт;08.08.2026 21:34:21;Анфиса Демьяненко
382682;ZH;16;35024;Закрыт;08.08.2026 21:18:07;Валерия Дондаренко
382679;ZH;841;0;Отменен;08.08.2026 21:16:43;Алихан Сайранбеков
382675;ZH;104;45538;Закрыт;08.08.2026 21:15:12;Аружан Райкул
382674;ZH;833;35134;Закрыт;08.08.2026 21:15:00;Раимбек Амирбек
382669;ZH;5;16227;Закрыт;08.08.2026 21:10:03;Бану Нурмаханова
382668;ZH;832;13490;Закрыт;08.08.2026 21:08:20;Бану Нурмаханова
382667;ZH;48;50864;Закрыт;08.08.2026 21:08:16;Даулет Нургисаулы
382651;ZH;109;66405;Закрыт;08.08.2026 21:00:09;Аружан Райкул
382645;ZH;827;99097;Закрыт;08.08.2026 20:54:15;Анфиса Демьяненко
382644;ZH;3;39024;Закрыт;08.08.2026 20:54:11;Кир Вагнер
382619;ZH;27;29550;Закрыт;08.08.2026 20:42:19;Раимбек Амирбек
382617;ZH;25;68488;Закрыт;08.08.2026 20:40:23;Раимбек Амирбек
382616;ZH;829;31317;Закрыт;08.08.2026 20:38:44;Анфиса Демьяненко
382614;ZH;41;31137;Закрыт;08.08.2026 20:36:43;Даулет Нургисаулы
382611;ZH;834;20097;Закрыт;08.08.2026 20:34:48;Даулет Нургисаулы
382606;ZH;8;68728;Закрыт;08.08.2026 20:31:36;Бану Нурмаханова
382596;ZH;18;21637;Закрыт;08.08.2026 20:26:31;Кир Вагнер
382578;ZH;102;19961;Закрыт;08.08.2026 20:15:21;Аружан Райкул
382569;ZH;17;37114;Закрыт;08.08.2026 20:07:14;Кир Вагнер
382560;ZH;17;8787;Закрыт;08.08.2026 19:59:39;Кир Вагнер
382551;ZH;47;153133;Закрыт;08.08.2026 19:50:30;Даулет Нургисаулы
382549;ZH;2;40071;Закрыт;08.08.2026 19:50:17;Кир Вагнер
382544;ZH;839;28915;Закрыт;08.08.2026 19:46:51;Бану Нурмаханова
382543;ZH;104;30314;Закрыт;08.08.2026 19:46:41;Аружан Райкул
382540;ZH;30;45428;Закрыт;08.08.2026 19:43:51;Бану Нурмаханова
382536;ZH;106;27984;Закрыт;08.08.2026 19:39:25;Аружан Райкул
382522;ZH;103;52078;Закрыт;08.08.2026 19:26:43;Аружан Райкул
382518;ZH;12;0;Отменен;08.08.2026 19:24:08;Валерия Дондаренко
382516;ZH;11;0;Закрыт;08.08.2026 19:23:37;Валерия Дондаренко
382515;ZH;43;54028;Закрыт;08.08.2026 19:23:22;Даулет Нургисаулы
382514;ZH;15;84238;Закрыт;08.08.2026 19:23:05;Валерия Дондаренко
382483;ZH;828;24141;Закрыт;08.08.2026 19:02:01;Анфиса Демьяненко
382478;ZH;46;106898;Закрыт;08.08.2026 18:55:12;Даулет Нургисаулы
382464;ZH;10;293623;Закрыт;08.08.2026 18:26:18;Валерия Дондаренко
382463;ZH;201;25480;Закрыт;08.08.2026 18:25:51;Бар Бар new
382459;ZH;101;28321;Закрыт;08.08.2026 18:21:33;Аружан Райкул
382426;ZH;108;10424;Закрыт;08.08.2026 17:25:50;Аружан Райкул
382418;ZH;3;23274;Закрыт;08.08.2026 17:03:46;Валерия Дондаренко
382417;ZH;103;12404;Закрыт;08.08.2026 17:02:05;Аружан Райкул
382416;ZH;32;156028;Закрыт;08.08.2026 17:00:46;Анфиса Демьяненко
382402;ZH;101;28197;Закрыт;08.08.2026 16:44:26;Аружан Райкул
382394;ZH;6;24387;Закрыт;08.08.2026 16:23:30;Анфиса Демьяненко
382387;ZH;110;0;Закрыт;08.08.2026 16:05:09;Аружан Райкул
382384;ZH;24;5157;Закрыт;08.08.2026 15:57:01;Анфиса Демьяненко
382204;ZH;5;5587;Закрыт;08.08.2026 00:59:38;Бану Нурмаханова
382138;ZH;104;7907;Закрыт;08.08.2026 00:11:40;Червяков Георгий
382132;ZH;24;29434;Закрыт;08.08.2026 00:06:49;Анфиса Демьяненко
382127;ZH;48;30611;Закрыт;08.08.2026 00:00:03;Анфиса Демьяненко
382114;ZH;103;26024;Закрыт;07.08.2026 23:50:35;Червяков Георгий
382109;ZH;833;24574;Закрыт;07.08.2026 23:47:52;Кир Вагнер
382103;ZH;109;1093;Закрыт;07.08.2026 23:40:52;Червяков Георгий
382101;ZH;21;43274;Закрыт;07.08.2026 23:39:48;Валерия Дондаренко
382092;ZH;8;26367;Закрыт;07.08.2026 23:35:46;Раимбек Амирбек
382088;ZH;40;85481;Закрыт;07.08.2026 23:32:21;Анфиса Демьяненко
382085;ZH;101;763;Закрыт;07.08.2026 23:30:40;Червяков Георгий
382083;ZH;10;172942;Закрыт;07.08.2026 23:29:46;Рамазан Булат
382057;ZH;11;151620;Закрыт;07.08.2026 23:13:27;Рамазан Булат
382047;ZH;5;6470;Закрыт;07.08.2026 23:07:10;Бану Нурмаханова
382025;ZH;47;136239;Закрыт;07.08.2026 22:51:21;Анфиса Демьяненко
382005;ZH;30;52681;Закрыт;07.08.2026 22:41:22;Валерия Дондаренко
381990;ZH;18;28774;Закрыт;07.08.2026 22:32:35;Раимбек Амирбек
381979;ZH;1;30450;Закрыт;07.08.2026 22:25:58;Раимбек Амирбек
381975;ZH;34;15437;Закрыт;07.08.2026 22:22:01;Кир Вагнер
381974;ZH;214;16337;Закрыт;07.08.2026 22:20:57;Бар Бар new
381971;ZH;829;31420;Закрыт;07.08.2026 22:19:16;Аружан Райкул
381969;ZH;12;101464;Закрыт;07.08.2026 22:18:13;Рамазан Булат
381949;ZH;103;3067;Закрыт;07.08.2026 22:07:00;Червяков Георгий
381923;ZH;107;72222;Закрыт;07.08.2026 21:53:45;Червяков Георгий
381888;ZH;43;2633;Закрыт;07.08.2026 21:40:37;Анфиса Демьяненко
381882;ZH;38;13174;Закрыт;07.08.2026 21:37:27;Анфиса Демьяненко
381861;ZH;827;35231;Закрыт;07.08.2026 21:30:50;Аружан Райкул
381856;ZH;110;4374;Закрыт;07.08.2026 21:28:22;Червяков Георгий
381855;ZH;108;763;Закрыт;07.08.2026 21:27:40;Червяков Георгий
381854;ZH;106;2957;Закрыт;07.08.2026 21:27:23;Червяков Георгий
381845;ZH;28;49064;Закрыт;07.08.2026 21:22:04;Валерия Дондаренко
381843;ZH;833;16027;Закрыт;07.08.2026 21:21:09;Кир Вагнер
381834;ZH;832;29770;Закрыт;07.08.2026 21:16:14;Раимбек Амирбек
381830;ZH;22;1753;Закрыт;07.08.2026 21:13:57;Аружан Райкул
381828;ZH;101;12830;Закрыт;07.08.2026 21:13:00;Червяков Георгий
381813;ZH;6;99935;Закрыт;07.08.2026 21:06:59;Раимбек Амирбек
381811;ZH;20;41638;Закрыт;07.08.2026 21:06:02;Валерия Дондаренко
381806;ZH;4;115161;Закрыт;07.08.2026 21:01:25;Бану Нурмаханова
381779;ZH;3;52441;Закрыт;07.08.2026 20:41:26;Бану Нурмаханова
381774;ZH;35;15231;Закрыт;07.08.2026 20:36:18;Раимбек Амирбек
381761;ZH;2;73491;Закрыт;07.08.2026 20:27:40;Бану Нурмаханова
381757;ZH;828;41215;Закрыт;07.08.2026 20:26:02;Аружан Райкул
381755;ZH;205;15924;Закрыт;07.08.2026 20:25:04;Бар Бар new
381734;ZH;40;66605;Закрыт;07.08.2026 20:08:43;Анфиса Демьяненко
381728;ZH;27;52314;Закрыт;07.08.2026 20:04:40;Аружан Райкул
381727;ZH;108;4924;Закрыт;07.08.2026 20:03:44;Червяков Георгий
381720;ZH;44;36868;Закрыт;07.08.2026 20:01:21;Анфиса Демьяненко
381718;ZH;101;12604;Закрыт;07.08.2026 20:01:00;Червяков Георгий
381715;ZH;857;14124;Закрыт;07.08.2026 19:57:23;Аружан Райкул
381713;ZH;17;133613;Закрыт;07.08.2026 19:57:11;Раимбек Амирбек
381700;ZH;7;53110;Закрыт;07.08.2026 19:50:27;Раимбек Амирбек
381698;ZH;102;11950;Закрыт;07.08.2026 19:49:30;Червяков Георгий
381690;ZH;31;137221;Закрыт;07.08.2026 19:42:50;Раимбек Амирбек
381686;ZH;834;20297;Закрыт;07.08.2026 19:41:04;Кир Вагнер
381683;ZH;32;168412;Закрыт;07.08.2026 19:39:40;Кир Вагнер
381670;ZH;106;16117;Закрыт;07.08.2026 19:32:22;Червяков Георгий
381659;ZH;43;23564;Закрыт;07.08.2026 19:26:53;Анфиса Демьяненко
381656;ZH;37;9770;Закрыт;07.08.2026 19:25:49;Раимбек Амирбек
381651;ZH;42;66898;Закрыт;07.08.2026 19:23:15;Анфиса Демьяненко
381645;ZH;39;2198;Закрыт;07.08.2026 19:18:47;Анфиса Демьяненко
381611;ZH;16;41631;Закрыт;07.08.2026 18:52:43;Рамазан Булат
381603;ZH;104;34131;Закрыт;07.08.2026 18:46:28;Червяков Георгий
381589;ZH;9;110464;Закрыт;07.08.2026 18:30:44;Бану Нурмаханова
381581;ZH;204;17644;Закрыт;07.08.2026 18:20:27;Бар Бар new
381552;ZH;15;71128;Закрыт;07.08.2026 17:43:36;Рамазан Булат
381543;ZH;6;22147;Закрыт;07.08.2026 17:28:33;Раимбек Амирбек
381541;ZH;22;44108;Закрыт;07.08.2026 17:23:43;Аружан Райкул
381534;ZH;106;18330;Закрыт;07.08.2026 17:10:25;Червяков Георгий
381529;ZH;104;13563;Закрыт;07.08.2026 16:54:33;Червяков Георгий
381521;ZH;101;11200;Закрыт;07.08.2026 16:25:28;Червяков Георгий
381295;ZH;46;24193;Закрыт;07.08.2026 00:50:20;Аружан Райкул
381288;ZH;4;18764;Закрыт;07.08.2026 00:42:44;Рамазан Булат
381267;ZH;13;17237;Закрыт;07.08.2026 00:23:29;Есенбек Бекарыс
381209;ZH;17;41191;Закрыт;06.08.2026 23:34:28;Рамазан Булат
381142;ZH;26;57697;Закрыт;06.08.2026 22:35:54;Анфиса Демьяненко
381126;ZH;29;53438;Закрыт;06.08.2026 22:22:08;Валерия Дондаренко
381105;ZH;103;7234;Закрыт;06.08.2026 22:02:01;Санжар Тельман
381096;ZH;829;65014;Закрыт;06.08.2026 21:52:31;Валерия Дондаренко
381076;ZH;34;29634;Закрыт;06.08.2026 21:32:16;Аружан Райкул
381050;ZH;25;65725;Закрыт;06.08.2026 21:18:18;Анфиса Демьяненко
381038;ZH;32;159834;Закрыт;06.08.2026 21:04:53;Бану Нурмаханова
381030;ZH;18;14040;Закрыт;06.08.2026 21:00:31;Рамазан Булат
381026;ZH;1;0;Закрыт;06.08.2026 20:55:58;Валерия Дондаренко
381008;ZH;22;61114;Закрыт;06.08.2026 20:45:57;Анфиса Демьяненко
381007;ZH;38;38034;Закрыт;06.08.2026 20:45:03;Бану Нурмаханова
381000;ZH;15;141935;Закрыт;06.08.2026 20:39:11;Есенбек Бекарыс
380987;ZH;41;31734;Закрыт;06.08.2026 20:28:46;Аружан Райкул
380982;ZH;101;41448;Закрыт;06.08.2026 20:20:59;Санжар Тельман
380977;ZH;7;61871;Закрыт;06.08.2026 20:15:56;Валерия Дондаренко
380960;ZH;40;57451;Закрыт;06.08.2026 20:05:31;Аружан Райкул
380955;ZH;24;49071;Закрыт;06.08.2026 19:58:54;Анфиса Демьяненко
380947;ZH;105;3953;Закрыт;06.08.2026 19:49:13;Санжар Тельман
380944;ZH;105;3953;Закрыт;06.08.2026 19:48:52;Санжар Тельман
380943;ZH;104;17994;Закрыт;06.08.2026 19:48:18;Санжар Тельман
380942;ZH;27;18867;Закрыт;06.08.2026 19:48:15;Бану Нурмаханова
380938;ZH;2;134369;Закрыт;06.08.2026 19:44:45;Рамазан Булат
380931;ZH;16;32397;Закрыт;06.08.2026 19:38:16;Валерия Дондаренко
380907;ZH;43;10190;Закрыт;06.08.2026 19:16:24;Аружан Райкул
380898;ZH;39;38421;Закрыт;06.08.2026 19:06:03;Бану Нурмаханова
380891;ZH;14;43668;Закрыт;06.08.2026 18:58:29;Есенбек Бекарыс
380842;ZH;201;18104;Закрыт;06.08.2026 18:21:56;Ельденбаев Данияр Бар
380841;ZH;107;1753;Закрыт;06.08.2026 18:20:42;Санжар Тельман
380834;ZH;38;20744;Закрыт;06.08.2026 18:06:28;Бану Нурмаханова
380804;ZH;20;50261;Закрыт;06.08.2026 17:10:32;Рамазан Булат
380793;ZH;109;13380;Закрыт;06.08.2026 16:52:48;Санжар Тельман
380599;ZH;33;52217;Закрыт;06.08.2026 01:16:05;Алихан Сайранбеков
380576;ZH;101;4930;Закрыт;06.08.2026 01:00:03;Рамазан Булат
380574;ZH;9;763;Закрыт;06.08.2026 00:58:13;Аружан Райкул
380555;ZH;9;1527;Закрыт;06.08.2026 00:39:46;Аружан Райкул
380552;ZH;108;1753;Закрыт;06.08.2026 00:32:08;Рамазан Булат
380544;ZH;32;28411;Закрыт;06.08.2026 00:19:20;Санжар Тельман
380539;ZH;27;39281;Закрыт;06.08.2026 00:16:16;Санжар Тельман
380531;ZH;20;9737;Закрыт;06.08.2026 00:01:03;Червяков Георгий
380504;ZH;106;11847;Закрыт;05.08.2026 23:19:35;Рамазан Булат
380496;ZH;104;13174;Закрыт;05.08.2026 23:15:00;Рамазан Булат
380495;ZH;6;69368;Закрыт;05.08.2026 23:14:52;Червяков Георгий
380493;ZH;102;3953;Закрыт;05.08.2026 23:14:37;Рамазан Булат
380427;ZH;108;36074;Закрыт;05.08.2026 21:57:09;Рамазан Булат
380416;ZH;4;76338;Закрыт;05.08.2026 21:47:13;Аружан Райкул
380409;ZH;202;23894;Закрыт;05.08.2026 21:43:56;Бар Бар new
380408;ZH;5;15697;Закрыт;05.08.2026 21:43:46;Санжар Тельман
380398;ZH;19;31841;Закрыт;05.08.2026 21:33:43;Червяков Георгий
380390;ZH;34;41237;Закрыт;05.08.2026 21:25:27;Валерия Дондаренко
380381;ZH;15;46878;Закрыт;05.08.2026 21:18:37;Кир Вагнер
380371;ZH;26;71053;Закрыт;05.08.2026 21:11:01;Валерия Дондаренко
380367;ZH;103;29322;Закрыт;05.08.2026 21:06:28;Рамазан Булат
380362;ZH;31;39774;Закрыт;05.08.2026 21:00:49;Червяков Георгий
380353;ZH;17;62407;Закрыт;05.08.2026 20:53:31;Червяков Георгий
380352;ZH;3;73110;Закрыт;05.08.2026 20:53:09;Аружан Райкул
380342;ZH;47;45927;Закрыт;05.08.2026 20:46:37;Санжар Тельман
380337;ZH;840;5493;Закрыт;05.08.2026 20:41:24;Алихан Сайранбеков
380327;ZH;109;7027;Закрыт;05.08.2026 20:32:34;Рамазан Булат
380322;ZH;42;337417;Закрыт;05.08.2026 20:29:32;Валерия Дондаренко
380317;ZH;9;43267;Закрыт;05.08.2026 20:26:08;Аружан Райкул
380311;ZH;1;88671;Закрыт;05.08.2026 20:16:49;Аружан Райкул
380310;ZH;839;17587;Закрыт;05.08.2026 20:14:58;Кир Вагнер
380289;ZH;18;13284;Закрыт;05.08.2026 19:52:04;Червяков Георгий
380257;ZH;829;36007;Закрыт;05.08.2026 19:22:53;Алихан Сайранбеков
380247;ZH;30;39468;Закрыт;05.08.2026 19:12:07;Алихан Сайранбеков
380242;ZH;26;12947;Закрыт;05.08.2026 19:05:10;Валерия Дондаренко
380238;ZH;6;18557;Закрыт;05.08.2026 19:01:19;Червяков Георгий
380237;ZH;22;73711;Закрыт;05.08.2026 18:58:54;Алихан Сайранбеков
380228;ZH;14;93476;Закрыт;05.08.2026 18:49:33;Кир Вагнер
380212;ZH;20;47337;Закрыт;05.08.2026 18:24:25;Червяков Георгий
380207;ZH;202;1753;Закрыт;05.08.2026 18:18:02;Бар Бар new
380196;ZH;25;137372;Закрыт;05.08.2026 18:05:12;Валерия Дондаренко
380191;ZH;10;208252;Закрыт;05.08.2026 17:55:14;Аружан Райкул
380178;ZH;103;2957;Закрыт;05.08.2026 16:57:38;Рамазан Булат
380160;ZH;21;10534;Закрыт;05.08.2026 16:02:23;Алихан Сайранбеков
379949;ZH;34;12916;Закрыт;05.08.2026 00:38:35;Раимбек Амирбек
379921;ZH;19;18564;Закрыт;05.08.2026 00:09:34;Раимбек Амирбек
379892;ZH;15;20550;Закрыт;04.08.2026 23:38:42;Кир Вагнер
379857;ZH;23;3837;Закрыт;04.08.2026 23:15:59;Кир Вагнер
379856;ZH;833;8017;Закрыт;04.08.2026 23:14:33;Алихан Сайранбеков
379853;ZH;16;9667;Закрыт;04.08.2026 23:12:30;Кир Вагнер
379839;ZH;31;32267;Закрыт;04.08.2026 23:06:19;Алихан Сайранбеков
379824;ZH;829;34074;Закрыт;04.08.2026 22:52:29;Раимбек Амирбек
379792;ZH;828;31702;Закрыт;04.08.2026 22:23:36;Валерия Дондаренко
379757;ZH;837;4950;Закрыт;04.08.2026 22:01:08;Санжар Тельман
379741;ZH;12;119409;Закрыт;04.08.2026 21:50:00;Кир Вагнер
379737;ZH;33;11812;Закрыт;04.08.2026 21:46:49;Алихан Сайранбеков
379736;ZH;44;46017;Закрыт;04.08.2026 21:46:34;Анфиса Демьяненко
379723;ZH;20;219061;Закрыт;04.08.2026 21:42:32;Раимбек Амирбек
379721;ZH;26;36824;Закрыт;04.08.2026 21:40:30;Валерия Дондаренко
379719;ZH;42;42757;Закрыт;04.08.2026 21:39:09;Анфиса Демьяненко
379702;ZH;840;1423;Закрыт;04.08.2026 21:33:04;Раимбек Амирбек
379673;ZH;4;76688;Закрыт;04.08.2026 21:16:59;Санжар Тельман
379665;ZH;7;23817;Закрыт;04.08.2026 21:13:11;Алихан Сайранбеков
379653;ZH;29;15875;Закрыт;04.08.2026 21:04:46;Раимбек Амирбек
379631;ZH;47;167675;Закрыт;04.08.2026 20:54:19;Санжар Тельман
379588;ZH;27;25804;Закрыт;04.08.2026 20:25:51;Валерия Дондаренко
379585;ZH;32;48011;Закрыт;04.08.2026 20:23:02;Алихан Сайранбеков
379561;ZH;18;16515;Закрыт;04.08.2026 20:09:49;Раимбек Амирбек
379551;ZH;204;7357;Закрыт;04.08.2026 20:04:38;Бар Бар new
379534;ZH;25;51828;Закрыт;04.08.2026 19:49:30;Есенбек Бекарыс
379533;ZH;839;1533;Закрыт;04.08.2026 19:49:28;Алихан Сайранбеков
379530;ZH;28;82445;Закрыт;04.08.2026 19:45:30;Валерия Дондаренко
379525;ZH;6;25487;Закрыт;04.08.2026 19:43:47;Алихан Сайранбеков
379521;ZH;22;60304;Закрыт;04.08.2026 19:39:56;Кир Вагнер
379507;ZH;23;29440;Закрыт;04.08.2026 19:27:43;Валерия Дондаренко
379485;ZH;3;20647;Закрыт;04.08.2026 19:02:54;Санжар Тельман
379438;ZH;2;5590;Закрыт;04.08.2026 18:09:39;Санжар Тельман
379422;ZH;33;2358;Закрыт;04.08.2026 17:49:55;Алихан Сайранбеков
379403;ZH;17;54413;Закрыт;04.08.2026 17:04:16;Валерия Дондаренко
379400;ZH;832;12190;Закрыт;04.08.2026 17:01:24;Алихан Сайранбеков
379385;ZH;6;11570;Закрыт;04.08.2026 16:39:12;Раимбек Амирбек
379383;ZH;201;10644;Закрыт;04.08.2026 16:36:11;Бар Бар new
379363;ZH;2;17849;Закрыт;04.08.2026 15:54:35;Раимбек Амирбек
379189;ZH;23;37710;Закрыт;04.08.2026 00:40:32;Рамазан Булат
379139;ZH;47;25791;Закрыт;03.08.2026 23:16:11;Алихан Сайранбеков
379122;ZH;103;30921;Закрыт;03.08.2026 22:48:06;Кир Вагнер
379117;ZH;838;2633;Закрыт;03.08.2026 22:39:13;Рамазан Булат
379110;ZH;106;12064;Закрыт;03.08.2026 22:23:46;Кир Вагнер
379105;ZH;104;8664;Закрыт;03.08.2026 22:19:50;Кир Вагнер
379099;ZH;105;30947;Закрыт;03.08.2026 22:09:58;Кир Вагнер
379098;ZH;101;19370;Закрыт;03.08.2026 22:08:11;Кир Вагнер
379083;ZH;110;1533;Закрыт;03.08.2026 21:51:59;Кир Вагнер
379069;ZH;11;395008;Закрыт;03.08.2026 21:44:23;Есенбек Бекарыс
379067;ZH;107;6250;Закрыт;03.08.2026 21:40:21;Кир Вагнер
379063;ZH;39;23287;Закрыт;03.08.2026 21:36:40;Алихан Сайранбеков
379041;ZH;108;19081;Закрыт;03.08.2026 21:16:01;Кир Вагнер
379036;ZH;30;17100;Закрыт;03.08.2026 21:07:18;Рамазан Булат
379022;ZH;27;15360;Закрыт;03.08.2026 20:50:14;Алихан Сайранбеков
379019;ZH;20;17017;Закрыт;03.08.2026 20:46:11;Есенбек Бекарыс
379004;ZH;857;2743;Закрыт;03.08.2026 20:23:38;Червяков Георгий
378984;ZH;10;92442;Закрыт;03.08.2026 20:07:39;Червяков Георгий
378977;ZH;32;40317;Закрыт;03.08.2026 19:59:38;Алихан Сайранбеков
378962;ZH;7;57198;Закрыт;03.08.2026 19:48:53;Червяков Георгий
378949;ZH;104;16247;Закрыт;03.08.2026 19:30:40;Кир Вагнер
378928;ZH;3;24004;Закрыт;03.08.2026 19:07:23;Червяков Георгий
378927;ZH;38;21604;Закрыт;03.08.2026 19:04:19;Алихан Сайранбеков
378917;ZH;20;17981;Закрыт;03.08.2026 18:46:35;Рамазан Булат
378911;ZH;22;3067;Закрыт;03.08.2026 18:38:46;Рамазан Булат
378910;ZH;102;16797;Закрыт;03.08.2026 18:34:45;Кир Вагнер
378906;ZH;6;6237;Закрыт;03.08.2026 18:32:04;Червяков Георгий
378903;ZH;40;34740;Закрыт;03.08.2026 18:28:33;Алихан Сайранбеков
378876;ZH;834;24774;Закрыт;03.08.2026 17:18:29;Алихан Сайранбеков
378792;ZH;20;34067;Закрыт;03.08.2026 14:08:56;Червяков Георгий
378610;ZH;19;39318;Закрыт;03.08.2026 00:07:19;Алихан Сайранбеков
378586;ZH;33;25907;Закрыт;02.08.2026 23:36:16;Кир Вагнер
378564;ZH;21;12067;Закрыт;02.08.2026 23:13:06;Алихан Сайранбеков
378518;ZH;203;11271;Закрыт;02.08.2026 22:35:05;Ельденбаев Данияр Бар
378490;ZH;25;119805;Закрыт;02.08.2026 22:07:58;Кир Вагнер
378449;ZH;18;0;Закрыт;02.08.2026 21:27:06;Алихан Сайранбеков
378437;ZH;18;19857;Закрыт;02.08.2026 21:18:33;Алихан Сайранбеков
378412;ZH;106;10424;Закрыт;02.08.2026 20:56:48;Даулет Нургисаулы
378408;ZH;42;43197;Закрыт;02.08.2026 20:52:07;Червяков Георгий
378407;ZH;32;19974;Закрыт;02.08.2026 20:51:44;Кир Вагнер
378385;ZH;17;42880;Закрыт;02.08.2026 20:22:44;Алихан Сайранбеков
378371;ZH;110;14304;Закрыт;02.08.2026 20:11:12;Даулет Нургисаулы
378365;ZH;23;17574;Закрыт;02.08.2026 20:04:59;Кир Вагнер
378341;ZH;14;69848;Закрыт;02.08.2026 19:17:00;Алихан Сайранбеков
378304;ZH;837;0;Отменен;02.08.2026 18:25:22;Раимбек Амирбек
378295;ZH;103;5150;Закрыт;02.08.2026 18:10:16;Даулет Нургисаулы
378292;ZH;101;47934;Закрыт;02.08.2026 18:04:30;Даулет Нургисаулы
378288;ZH;41;43604;Закрыт;02.08.2026 18:01:51;Червяков Георгий
378282;ZH;4;125908;Закрыт;02.08.2026 17:50:27;Раимбек Амирбек
378277;ZH;43;6354;Закрыт;02.08.2026 17:38:15;Червяков Георгий
378262;ZH;39;3293;Закрыт;02.08.2026 17:13:16;Червяков Георгий
378256;ZH;16;42167;Закрыт;02.08.2026 17:00:16;Алихан Сайранбеков
378242;ZH;7;77904;Закрыт;02.08.2026 16:12:17;Раимбек Амирбек
378237;ZH;101;16130;Закрыт;02.08.2026 15:48:21;Даулет Нургисаулы
378234;ZH;20;21164;Закрыт;02.08.2026 15:41:45;Алихан Сайранбеков
378223;ZH;22;15884;Закрыт;02.08.2026 15:18:17;Раимбек Амирбек
378056;ZH;21;45054;Закрыт;02.08.2026 00:44:47;Жолдабаев Амантай
378040;ZH;108;32241;Закрыт;02.08.2026 00:35:10;Алихан Сайранбеков
378039;ZH;102;19307;Закрыт;02.08.2026 00:34:52;Алихан Сайранбеков
378026;ZH;832;15633;Закрыт;02.08.2026 00:25:05;Кир Вагнер
378010;ZH;101;41094;Закрыт;02.08.2026 00:12:57;Алихан Сайранбеков
377997;ZH;104;1527;Закрыт;02.08.2026 00:03:03;Алихан Сайранбеков
377985;ZH;6;24270;Закрыт;01.08.2026 23:53:09;Кир Вагнер
377978;ZH;35;4387;Закрыт;01.08.2026 23:49:51;Кир Вагнер
377975;ZH;828;8230;Закрыт;01.08.2026 23:47:39;Даулет Нургисаулы
377944;ZH;38;22970;Закрыт;01.08.2026 23:27:24;Анфиса Демьяненко
377942;ZH;41;37195;Закрыт;01.08.2026 23:26:09;Анфиса Демьяненко
377931;ZH;104;9964;Закрыт;01.08.2026 23:17:22;Алихан Сайранбеков
377928;ZH;105;4717;Закрыт;01.08.2026 23:14:11;Алихан Сайранбеков
377887;ZH;106;18317;Закрыт;01.08.2026 22:40:25;Алихан Сайранбеков
377876;ZH;45;30437;Закрыт;01.08.2026 22:35:31;Анфиса Демьяненко
377865;ZH;25;72398;Закрыт;01.08.2026 22:31:12;Даулет Нургисаулы
377849;ZH;26;63815;Закрыт;01.08.2026 22:22:26;Даулет Нургисаулы
377810;ZH;27;78905;Закрыт;01.08.2026 22:02:45;Валерия Дондаренко
377804;ZH;2;61391;Закрыт;01.08.2026 22:01:12;Раимбек Амирбек
377800;ZH;884;26741;Закрыт;01.08.2026 22:00:21;Анфиса Демьяненко
377798;ZH;17;60705;Закрыт;01.08.2026 21:59:01;Кир Вагнер
377797;ZH;28;49971;Закрыт;01.08.2026 21:57:48;Валерия Дондаренко
377795;ZH;827;26704;Закрыт;01.08.2026 21:55:15;Даулет Нургисаулы
377767;ZH;8;20104;Закрыт;01.08.2026 21:41:58;Рамазан Булат
377761;ZH;109;41714;Закрыт;01.08.2026 21:37:55;Алихан Сайранбеков
377754;ZH;829;14447;Закрыт;01.08.2026 21:35:27;Валерия Дондаренко
377726;ZH;19;15904;Закрыт;01.08.2026 21:14:10;Жолдабаев Амантай
377706;ZH;889;6340;Закрыт;01.08.2026 20:58:38;Анфиса Демьяненко
377698;ZH;18;21300;Закрыт;01.08.2026 20:53:34;Жолдабаев Амантай
377686;ZH;32;14091;Закрыт;01.08.2026 20:47:19;Валерия Дондаренко
377663;ZH;47;8870;Отменен;01.08.2026 20:33:54;Анфиса Демьяненко
377658;ZH;24;68671;Закрыт;01.08.2026 20:32:20;Даулет Нургисаулы
377652;ZH;834;31291;Закрыт;01.08.2026 20:30:56;Анфиса Демьяненко
377608;ZH;833;31530;Закрыт;01.08.2026 20:02:42;Анфиса Демьяненко
377593;ZH;107;26387;Закрыт;01.08.2026 19:49:02;Алихан Сайранбеков
377552;ZH;101;22601;Закрыт;01.08.2026 19:03:39;Алихан Сайранбеков
377529;ZH;105;3953;Закрыт;01.08.2026 18:34:04;Алихан Сайранбеков
377519;ZH;11;42297;Закрыт;01.08.2026 18:18:17;Рамазан Булат
377513;ZH;20;38304;Закрыт;01.08.2026 18:06:33;Кир Вагнер
377507;ZH;22;14577;Закрыт;01.08.2026 17:52:54;Жолдабаев Амантай
377502;ZH;33;11070;Закрыт;01.08.2026 17:45:07;Валерия Дондаренко
377491;ZH;7;14047;Закрыт;01.08.2026 17:14:11;Жолдабаев Амантай
377459;ZH;106;11427;Закрыт;01.08.2026 15:21:21;Алихан Сайранбеков
377458;ZH;201;10430;Закрыт;01.08.2026 15:18:34;Бар Бар new
377450;ZH;102;39618;Закрыт;01.08.2026 14:49:43;Алихан Сайранбеков
377390;ZH;5;48074;Закрыт;01.08.2026 01:10:01;Есенбек Бекарыс
377385;ZH;12;141539;Закрыт;01.08.2026 01:04:41;Есенбек Бекарыс
377381;ZH;16;29201;Закрыт;01.08.2026 01:03:01;Санжар Тельман
377379;ZH;24;41261;Закрыт;01.08.2026 01:01:38;Валерия Дондаренко
377378;ZH;8;67234;Закрыт;01.08.2026 01:00:40;Есенбек Бекарыс
377364;ZH;833;26891;Закрыт;01.08.2026 00:52:31;Жолдабаев Амантай
377354;ZH;7;24779;Закрыт;01.08.2026 00:48:30;Есенбек Бекарыс
377349;ZH;33;69945;Закрыт;01.08.2026 00:47:04;Даулет Нургисаулы
377336;ZH;832;16700;Закрыт;01.08.2026 00:42:41;Даулет Нургисаулы
377328;ZH;14;32501;Закрыт;01.08.2026 00:40:48;Анфиса Демьяненко
377323;ZH;206;12947;Закрыт;01.08.2026 00:38:48;Бар Бар new
377305;ZH;40;26794;Закрыт;01.08.2026 00:28:32;Жолдабаев Амантай
377304;ZH;17;1753;Закрыт;01.08.2026 00:28:04;Анфиса Демьяненко
377283;ZH;32;20517;Закрыт;01.08.2026 00:08:52;Даулет Нургисаулы